Date,Carbon,TCI
31-12-2013,100,15.4843024112604
02-01-2014,97.58,15.5905005416621
03-01-2014,97.17,15.5234380507634
06-01-2014,95.35,16.0190263740117
07-01-2014,96.16,15.7136598622137
08-01-2014,93.94,16.3777832101219
09-01-2014,92.53,16.4254699170439
10-01-2014,92.93,16.224477292058
13-01-2014,94.95,15.9482069833692
14-01-2014,99.19,15.8866027548315
15-01-2014,98.99,15.9584696964486
16-01-2014,104.04,16.0563003765873
17-01-2014,104.04,15.7866312866006
21-01-2014,103.23,15.5383680872733
22-01-2014,105.05,15.3998772785279
23-01-2014,103.03,15.5285343597118
24-01-2014,107.88,15.574162156442
27-01-2014,110.1,17.44333445
28-01-2014,113.13,18.3305894024784
29-01-2014,112.53,18.9775675379104
30-01-2014,116.77,18.7253246232454
31-01-2014,112.93,18.8208987633519
03-02-2014,119.39,18.681257780416
04-02-2014,119.39,19.8905960980145
05-02-2014,124.44,19.7710997764619
06-02-2014,132.12,19.5983314662992
07-02-2014,131.72,19.9328670659712
10-02-2014,131.11,21.3867206563655
11-02-2014,127.88,21.1302928337417
12-02-2014,130.1,20.991949638171
13-02-2014,130.71,20.7255982671305
14-02-2014,134.95,21.1014598702006
18-02-2014,138.18,20.9844239234651
19-02-2014,141.62,22.4908499939123
20-02-2014,143.03,21.8097296752095
21-02-2014,146.06,21.2735323544179
24-02-2014,143.43,20.8652577431971
25-02-2014,127.47,20.6789064358646
26-02-2014,132.93,20.2053609637824
27-02-2014,133.13,21.4078890874896
28-02-2014,144.44,21.310402579671
03-03-2014,135.35,20.0236731965159
04-03-2014,139.39,19.1941436466521
05-03-2014,138.59,19.4887198525975
06-03-2014,138.99,19.1881147982127
07-03-2014,141.01,19.6819397752773
10-03-2014,140.81,19.7056401505658
11-03-2014,139.39,18.4097353472717
12-03-2014,132.93,18.6243075429954
13-03-2014,131.52,18.6853953285754
14-03-2014,128.69,18.7991024293076
17-03-2014,120.2,18.6600301566874
18-03-2014,117.78,18.2350024368348
19-03-2014,122.42,18.4346204629451
20-03-2014,122.83,18.3232854085088
21-03-2014,126.26,18.7095744166233
24-03-2014,119.8,18.8674797494731
25-03-2014,119.8,18.8190998675491
26-03-2014,118.59,17.9998703128528
27-03-2014,105.86,17.5371080168238
28-03-2014,88.89,17.6480087191986
31-03-2014,94.95,17.7278618878572
01-04-2014,103.03,17.8277660965246
02-04-2014,98.79,17.4416596878445
03-04-2014,99.19,17.4362756881548
04-04-2014,95.76,17.1524099868484
07-04-2014,101.62,17.0649802863141
08-04-2014,99.19,18.0643285511855
09-04-2014,100.81,18.671623542268
10-04-2014,104.44,18.8419118112786
11-04-2014,108.48,18.7333882761453
14-04-2014,106.87,18.9078465827592
15-04-2014,112.93,19.0884058511759
16-04-2014,111.31,19.4236164901018
17-04-2014,113.13,19.5274653103016
22-04-2014,115.76,19.2865849054332
23-04-2014,115.56,18.7610792352524
24-04-2014,116.57,19.0094012964992
25-04-2014,103.43,19.0091540052952
28-04-2014,106.26,20.0918628244516
29-04-2014,110.3,20.2871461338435
30-04-2014,110.3,19.9936556870944
01-05-2014,110.3,19.7984695899271
02-05-2014,105.86,19.7984892866516
05-05-2014,106.46,19.7562392144964
06-05-2014,106.67,19.6539018664559
07-05-2014,104.65,19.8286570071408
08-05-2014,104.85,19.3189459848084
09-05-2014,107.07,19.333057752769
12-05-2014,108.28,19.4551905750025
13-05-2014,107.88,20.2974272517358
14-05-2014,104.24,20.2216008124305
15-05-2014,97.58,19.8805769089305
16-05-2014,97.98,19.9826025382591
19-05-2014,95.96,19.6433912276052
20-05-2014,98.79,19.4411457874866
21-05-2014,104.44,19.0015603858488
22-05-2014,105.25,19.1813989677474
23-05-2014,104.44,18.9207482918881
27-05-2014,105.45,18.8933171917861
28-05-2014,106.06,18.6696757514401
29-05-2014,106.06,18.6208816022647
30-05-2014,103.03,18.7327867808995
02-06-2014,104.85,18.4434221315611
03-06-2014,110.71,18.4050921409196
04-06-2014,109.9,18.2329394953924
05-06-2014,112.73,17.9368474784138
06-06-2014,110.71,18.2187071941733
09-06-2014,112.53,18.0516155837774
10-06-2014,111.72,19.1142636484837
11-06-2014,109.09,18.8375003538669
12-06-2014,112.93,18.5011246426498
13-06-2014,115.35,18.8319972976719
16-06-2014,114.75,19.4040193477513
17-06-2014,116.16,18.4990304274697
18-06-2014,115.15,17.7837137306505
19-06-2014,112.93,17.6195748598785
20-06-2014,115.15,17.5776173144632
23-06-2014,117.98,17.6210870820508
24-06-2014,116.97,17.3937531020933
25-06-2014,116.16,17.7042121694911
26-06-2014,116.16,17.6317332984429
27-06-2014,117.37,17.4451207743902
30-06-2014,118.38,17.3037471567317
01-07-2014,122.22,16.7137395585402
02-07-2014,123.43,16.6525514402674
03-07-2014,121.82,16.9879910787763
07-07-2014,112.73,17.0162431110101
08-07-2014,116.57,18.1835785267877
09-07-2014,117.78,19.521138187551
10-07-2014,115.15,18.9374744660388
11-07-2014,116.36,19.22878863
14-07-2014,119.19,19.2368501477706
15-07-2014,120.4,19.1708888497302
16-07-2014,122.42,18.4247045344529
17-07-2014,124.65,18.1491669775276
18-07-2014,121.62,18.2790343217328
21-07-2014,122.83,18.6648954356385
22-07-2014,125.05,18.4414049576683
23-07-2014,125.05,18.65748115
24-07-2014,122.63,18.4302245519132
25-07-2014,124.24,18.5471249967139
28-07-2014,125.45,18.3237589107201
29-07-2014,122.22,18.0074956832959
30-07-2014,124.24,18.206500847657
31-07-2014,125.86,18.3884058812509
01-08-2014,127.07,20.871896266717
04-08-2014,126.26,21.1482890835357
05-08-2014,125.66,21.0885591329319
06-08-2014,125.86,20.1038593867027
07-08-2014,120.4,20.136363495323
08-08-2014,121.01,19.9756152033582
11-08-2014,124.24,19.8115658495696
12-08-2014,123.84,21.5030259299857
13-08-2014,126.26,21.6242096026993
14-08-2014,126.26,21.9889560718037
15-08-2014,129.29,21.8094543629154
18-08-2014,128.48,22.0217712630182
19-08-2014,130.51,22.1586807347011
20-08-2014,130.1,22.1794942660786
21-08-2014,128.69,21.5844336778239
22-08-2014,128.89,21.0581741613546
25-08-2014,128.28,20.987043292258
26-08-2014,127.68,21.0473262335175
27-08-2014,128.89,20.5459769504001
28-08-2014,130.51,20.3756355406314
29-08-2014,129.49,20.7209053608714
02-09-2014,129.5,21.3028221838868
03-09-2014,128.08,21.6162906758814
04-09-2014,123.83,21.3059051357967
05-09-2014,126.86,20.8513048464951
08-09-2014,127.06,20.7274552062994
09-09-2014,124.01,20.2411947982016
10-09-2014,123.21,22.0433872658075
11-09-2014,123.61,21.7313884302497
12-09-2014,122.36,21.4782236845138
15-09-2014,119.75,21.5613485350765
16-09-2014,117.34,23.7710004122464
17-09-2014,119.14,23.8694752288771
18-09-2014,120.95,23.7042852922627
19-09-2014,121.75,23.4443139237001
22-09-2014,121.15,23.4501425367398
23-09-2014,114.47,23.9199750558121
24-09-2014,117.48,23.4176429229274
25-09-2014,117.48,23.2276953778584
26-09-2014,119.68,24.075238748518
29-09-2014,116.41,24.3152228471156
30-09-2014,117.81,23.8517201627529
01-10-2014,117.21,23.9597391718005
02-10-2014,114.73,25.1486706050303
03-10-2014,114.53,24.7961909538227
06-10-2014,114.53,24.6349912467912
07-10-2014,115.53,24.481866557526
08-10-2014,122.03,24.9648948124781
09-10-2014,123.43,24.3915863286622
10-10-2014,121.83,26.3791999835919
13-10-2014,122.23,27.1882981296817
14-10-2014,122.63,28.5422974021112
15-10-2014,124.14,28.3478229789722
16-10-2014,125.34,27.7951639888085
17-10-2014,123.62,28.4019894877316
20-10-2014,123.94,28.2040693541317
21-10-2014,124.74,28.3915277896326
22-10-2014,125.74,28.1776763569259
23-10-2014,127.94,28.2517940558279
24-10-2014,129.33,28.3516121553515
27-10-2014,126.94,28.0747619118127
28-10-2014,124.34,28.204955163996
29-10-2014,129.53,28.6271928797913
30-10-2014,129.53,28.0113878510156
31-10-2014,128.13,27.734886425614
03-11-2014,132.72,28.4395731008705
04-11-2014,130.93,28.1018338039267
05-11-2014,134.12,28.693843106744
06-11-2014,133.72,28.1689768116528
07-11-2014,136.31,27.9040712286702
10-11-2014,135.51,25.7938181899928
11-11-2014,137.1,25.4721477066825
12-11-2014,138.1,25.4694691517005
13-11-2014,136.91,24.5449190722489
14-11-2014,133.53,24.7741204931617
17-11-2014,139.09,24.2613930705624
18-11-2014,141.48,23.6532947781854
19-11-2014,141.87,23.5970597178318
20-11-2014,140.28,23.3292179515055
21-11-2014,141.08,22.6842401396672
24-11-2014,142.07,22.8089739794911
25-11-2014,143.46,22.6296786446693
26-11-2014,144.85,22.9571416909715
28-11-2014,141.87,21.731495277811
01-12-2014,142.47,28.026234779394
02-12-2014,137.9,28.2934422495464
03-12-2014,138.7,27.8843010288652
04-12-2014,137.71,27.8032757220468
05-12-2014,134.13,27.559023205466
08-12-2014,134.13,26.9974607103696
09-12-2014,135.72,28.185247879982
10-12-2014,131.95,27.7590444864211
11-12-2014,135.52,27.7350578893281
12-12-2014,133.94,27.1666133258308
15-12-2014,138.5,26.7195631233106
16-12-2014,138.9,27.2977647100354
17-12-2014,140.29,27.1740388852027
18-12-2014,141.28,27.0968242623369
19-12-2014,142.07,26.8696098565211
22-12-2014,142.67,26.9037213137772
23-12-2014,145.64,26.72989155
24-12-2014,148.02,26.509599526729
26-12-2014,148.02,26.2917798456812
29-12-2014,145.64,26.1960314868687
30-12-2014,144.85,25.9004398317081
31-12-2014,145.64,25.5342474732625
02-01-2015,140.68,24.7208092610606
05-01-2015,138.7,24.1824674125844
06-01-2015,136.12,25.136332498448
07-01-2015,136.32,25.3265935117468
08-01-2015,136.91,24.9261667240787
09-01-2015,134.93,25.395584156281
12-01-2015,134.93,25.028775562797
13-01-2015,146.44,25.8705310932751
14-01-2015,143.86,25.6455360279972
15-01-2015,143.06,25.03222926
16-01-2015,143.26,24.9612617679044
20-01-2015,143.86,24.3417385762614
21-01-2015,147.03,24.2357574558224
22-01-2015,135.72,23.9905110646079
23-01-2015,136.51,22.6990988009339
26-01-2015,137.51,22.4607712239549
27-01-2015,137.11,23.6010403141719
28-01-2015,139.29,23.5245604974278
29-01-2015,141.28,24.608602217094
30-01-2015,141.87,24.3421669046682
02-02-2015,142.86,22.7600224739488
03-02-2015,141.48,22.508862730169
04-02-2015,138.9,24.3085894070805
05-02-2015,140.29,23.8343589114676
06-02-2015,139.29,24.3276923604623
09-02-2015,138.7,23.7145283604851
10-02-2015,142.47,23.1298739570827
11-02-2015,145.05,22.8698801241529
12-02-2015,148.22,21.7172370026902
13-02-2015,152.98,22.0468154785117
17-02-2015,149.61,21.9632438858808
18-02-2015,150.01,21.7700365140729
19-02-2015,147.03,21.514618842944
20-02-2015,146.44,21.283632309854
23-02-2015,153.98,21.1765707136597
24-02-2015,149.21,21.1023253763206
25-02-2015,147.82,20.7952556305096
26-02-2015,141.28,20.4817314330683
27-02-2015,141.87,19.7922816384444
02-03-2015,138.9,19.751799998733
03-03-2015,134.53,19.0098819548553
04-03-2015,140.48,18.1125871777536
05-03-2015,134.93,16.4305345477514
06-03-2015,135.92,16.1837671249552
09-03-2015,133.54,16.7541913319954
10-03-2015,136.32,16.8955160364801
11-03-2015,135.13,17.9205562600057
12-03-2015,128.18,17.2415149883705
13-03-2015,129.17,17.0902065031419
16-03-2015,129.77,17.6877261812111
17-03-2015,134.53,17.464989806895
18-03-2015,134.73,17.259191404786
19-03-2015,133.34,17.704309041817
20-03-2015,140.68,17.3737124106733
23-03-2015,140.68,17.6376131653297
24-03-2015,140.48,17.6935750380365
25-03-2015,139.09,17.682687033164
26-03-2015,138.7,17.9623746764515
27-03-2015,135.13,17.3053693346828
30-03-2015,137.51,17.6143062486038
31-03-2015,138.3,17.4072608368376
01-04-2015,142.67,17.0433863890591
02-04-2015,142.67,16.7987855555898
07-04-2015,141.87,17.2999820212269
08-04-2015,142.07,17.1304991286996
09-04-2015,139.89,16.7335716076806
10-04-2015,138.5,16.7806924857992
13-04-2015,135.72,16.9774214199484
14-04-2015,135.72,16.909592530647
15-04-2015,136.71,16.8577357667916
16-04-2015,137.11,17.5376147390585
17-04-2015,136.51,17.1728391338772
20-04-2015,142.27,18.2730982597006
21-04-2015,141.28,18.2505656476712
22-04-2015,141.28,18.2177995003933
23-04-2015,144.65,18.6004805972914
24-04-2015,145.25,18.8533808132372
27-04-2015,142.67,17.7770309539093
28-04-2015,146.63,17.700277083693
29-04-2015,148.82,17.6900291536841
30-04-2015,147.43,17.2385812354386
01-05-2015,149.21,17.5590150666161
04-05-2015,151.2,17.4783523908689
05-05-2015,150.6,16.5572750710762
06-05-2015,150.21,16.3735145748621
07-05-2015,148.22,16.0489657346868
08-05-2015,150.21,16.1931173619094
11-05-2015,151.99,16.5129361289047
12-05-2015,151.4,16.0179247870719
13-05-2015,152.39,16.2963452923739
14-05-2015,150.6,16.1358581941596
15-05-2015,151.2,15.8097912281765
18-05-2015,151.4,15.9907229704721
19-05-2015,146.83,15.9521654211478
20-05-2015,146.44,15.5503040902954
21-05-2015,145.44,14.8874336834608
22-05-2015,145.64,14.8786121603275
26-05-2015,144.06,14.9609589174756
27-05-2015,143.06,16.2149104937768
28-05-2015,143.26,15.5304715513121
29-05-2015,146.04,15.263211074888
01-06-2015,144.45,15.3068772305232
02-06-2015,148.42,14.8839495340418
03-06-2015,149.21,15.1679300458666
04-06-2015,147.43,14.983441503769
05-06-2015,147.63,14.8663686063062
08-06-2015,148.42,14.6947149766223
09-06-2015,150.8,14.2122747529476
10-06-2015,151.2,14.2962625706882
11-06-2015,149.61,14.788308253697
12-06-2015,151.6,14.7307641296404
15-06-2015,149.81,14.6804182543182
16-06-2015,147.82,14.544643779384
17-06-2015,148.82,14.4520637110911
18-06-2015,148.42,14.4025064904742
19-06-2015,147.63,15.1204204207383
22-06-2015,148.82,15.8024357387941
23-06-2015,149.21,16.0985518787325
24-06-2015,149.02,16.0874221452102
25-06-2015,151,16.1442741995887
26-06-2015,149.81,15.9641232686064
29-06-2015,146.24,15.857658612226
30-06-2015,148.02,19.4566503592733
01-07-2015,148.82,19.3736783762879
02-07-2015,148.02,19.0915816976993
06-07-2015,146.63,18.9931909151728
07-07-2015,148.22,22.1751480558052
08-07-2015,148.02,21.4292194049569
09-07-2015,148.62,23.0206176098528
10-07-2015,151.2,23.110263799752
13-07-2015,154.77,23.5932015801191
14-07-2015,153.58,23.8279249236643
15-07-2015,154.17,23.6950965668864
16-07-2015,152.19,24.360509360517
17-07-2015,153.78,24.1074037676875
20-07-2015,158.54,23.7560289042232
21-07-2015,158.14,23.3250790589745
22-07-2015,158.14,22.9607647928084
23-07-2015,160.52,22.2912369724784
24-07-2015,159.14,22.2359433148998
27-07-2015,159.33,22.4420416568674
28-07-2015,159.33,22.9252468654663
29-07-2015,160.13,22.3079945877894
30-07-2015,156.56,22.1102930269971
31-07-2015,156.36,21.9272413377105
03-08-2015,157.94,21.2925809964677
04-08-2015,156.95,21.0219325917419
05-08-2015,155.56,20.8299968881796
06-08-2015,155.76,20.1068104943467
07-08-2015,154.57,21.3781740397495
10-08-2015,157.35,21.43757814
11-08-2015,160.72,22.3239017250134
12-08-2015,162.71,22.4054595675595
13-08-2015,162.71,22.2336966701825
14-08-2015,165.29,22.0827761099172
17-08-2015,163.7,21.6609721206874
18-08-2015,164.29,21.1437450896217
19-08-2015,165.68,20.4873284357393
20-08-2015,166.08,20.9950049217745
21-08-2015,162.91,22.7644721173722
24-08-2015,162.31,23.0874459987963
25-08-2015,163.9,25.6393078304335
26-08-2015,160.92,25.2906025215403
27-08-2015,159.73,24.9173486599732
28-08-2015,161.12,27.2835620373911
31-08-2015,160.33,27.4156391218037
01-09-2015,159.14,26.1570248599581
02-09-2015,161.32,26.7177243815652
03-09-2015,162.31,26.230021311659
04-09-2015,160.72,25.894071634726
08-09-2015,163.7,25.0656817106446
09-09-2015,164.29,24.5019635548584
10-09-2015,164.49,24.1210391642634
11-09-2015,164.09,23.6298833472242
14-09-2015,163.5,23.5634451956753
15-09-2015,162.31,23.024242146553
16-09-2015,163.5,22.7326190100589
17-09-2015,163.45,23.4607353083384
18-09-2015,161.13,23.1302915142749
21-09-2015,158.56,23.1074521386428
22-09-2015,159.35,22.6872677269033
23-09-2015,160.34,22.9440804620104
24-09-2015,158.95,24.0889718477546
25-09-2015,158.75,23.9994212398386
28-09-2015,157.17,23.4507423279819
29-09-2015,158.29,24.2344811181007
30-09-2015,161.72,22.8643973111942
01-10-2015,162.12,22.7936231001006
02-10-2015,161.65,22.707811423223
05-10-2015,162.84,24.6002944686034
06-10-2015,163.03,25.5234501159307
07-10-2015,160.86,26.1356625422588
08-10-2015,161.26,26.2079022037069
09-10-2015,165.6,25.4880824414667
12-10-2015,164.61,25.4333414455856
13-10-2015,165.21,24.584026525514
14-10-2015,167.38,25.1858463215088
15-10-2015,167.18,24.2452809736578
16-10-2015,166.28,24.5674748719987
19-10-2015,165.49,23.9730856405994
20-10-2015,167.86,23.7192030115336
21-10-2015,167.59,23.2330549305131
22-10-2015,168.18,23.467083317527
23-10-2015,171.14,23.1565008971741
26-10-2015,171.6,23.1445945609266
27-10-2015,170.74,22.8122086736308
28-10-2015,169.96,23.6933709224152
29-10-2015,172.13,25.2845940828358
30-10-2015,171.34,24.5680466141591
02-11-2015,170.55,23.5959711718353
03-11-2015,167.72,23.2049692856758
04-11-2015,166.6,23.5141523296427
05-11-2015,167.98,23.2050233973288
06-11-2015,166.8,23.0319325636996
09-11-2015,165.02,22.3406821437402
10-11-2015,167.39,23.5121236400594
11-11-2015,167.39,23.3830013149859
12-11-2015,166.01,23.3364106707174
13-11-2015,166.4,23.4100702696383
16-11-2015,169.16,22.979190611352
17-11-2015,170.91,22.3933998230816
18-11-2015,170.32,22.4826314958892
19-11-2015,171.12,22.1138674239113
20-11-2015,168.76,21.8972399507302
23-11-2015,169.74,21.7595365781264
24-11-2015,171.51,20.9406954407166
25-11-2015,171.12,21.3221479317597
27-11-2015,170.13,20.7893213458492
30-11-2015,170.13,20.5909102663489
01-12-2015,169.74,20.3561929335273
02-12-2015,168.36,20.6532000053917
03-12-2015,170.53,20.5367964433071
04-12-2015,169.15,20.3842886365392
07-12-2015,166.79,20.0006608418566
08-12-2015,166.99,20.7894927787038
09-12-2015,166.79,22.1795110925945
10-12-2015,165.81,21.4745482898104
11-12-2015,160.1,21.6648607984138
14-12-2015,160.3,23.7042946788954
15-12-2015,162.46,23.2341148044661
16-12-2015,161.28,23.2956257308786
17-12-2015,160.1,26.0004783573137
18-12-2015,159.91,25.5044871397812
21-12-2015,162.46,25.1222857405826
22-12-2015,163.64,24.7706870300138
23-12-2015,163.05,24.828308698876
24-12-2015,162.46,24.8830915120184
28-12-2015,164.82,24.7967234106771
29-12-2015,164.04,23.8194736158782
30-12-2015,162.86,23.7672975958656
31-12-2015,163.05,24.1963753489799
04-01-2016,159.51,23.8732836327069
05-01-2016,158.53,23.7264900364179
06-01-2016,153.61,23.7066480559091
07-01-2016,149.48,24.0069924509498
08-01-2016,146.73,28.106549071162
11-01-2016,141.02,27.585592032403
12-01-2016,140.63,28.3032327200354
13-01-2016,143.38,28.482807638543
14-01-2016,140.24,28.0734265472005
15-01-2016,132.17,27.646847119942
19-01-2016,134.93,29.5865285351059
20-01-2016,125.09,28.5109102469244
21-01-2016,122.14,27.9852058311279
22-01-2016,125.09,27.9614142983497
25-01-2016,116.24,29.7899798149011
26-01-2016,119.98,30.0137176451363
27-01-2016,116.64,29.9059332792303
28-01-2016,119.78,29.3818184599065
29-01-2016,119.39,28.5097269324765
01-02-2016,112.31,29.3429324771192
02-02-2016,114.87,28.8728528319515
03-02-2016,110.93,30.0593237138967
04-02-2016,110.54,29.7471520008146
05-02-2016,109.55,29.6336791056022
08-02-2016,103.26,29.7665935687458
09-02-2016,97.75,30.5374459257479
10-02-2016,96.18,30.0767420275034
11-02-2016,93.43,29.232757632815
12-02-2016,99.72,29.4096765785857
16-02-2016,92.44,29.5087359187693
17-02-2016,100.31,30.1776942750703
18-02-2016,103.46,30.9913092255099
19-02-2016,101.69,30.7041546194023
22-02-2016,106.6,29.902386881404
23-02-2016,96.57,30.5400844114237
24-02-2016,95.79,30.3221325474237
25-02-2016,99.92,30.0146142903588
26-02-2016,98.34,30.0492086021919
29-02-2016,98.54,29.3442507913349
01-03-2016,98.34,29.1647593121925
02-03-2016,97.75,29.0981329401885
03-03-2016,96.38,29.4772458589057
04-03-2016,96.97,29.6049371283733
07-03-2016,100.31,28.5867010040311
08-03-2016,98.93,27.7246665053376
09-03-2016,100.11,28.2050197057662
10-03-2016,96.77,28.8243019942537
11-03-2016,98.34,28.264646664103
14-03-2016,95.98,28.9393346033777
15-03-2016,95.79,27.9986470121898
16-03-2016,97.75,28.1815714250522
17-03-2016,98.54,27.5569859626349
18-03-2016,97.36,29.1209611810078
21-03-2016,95.98,28.6762673645753
22-03-2016,95,28.024297071461
23-03-2016,94.61,27.6242962005695
24-03-2016,95.59,29.0048880910076
29-03-2016,94.21,27.645511503988
30-03-2016,97.75,27.2832671708063
31-03-2016,102.67,26.7311827345233
01-04-2016,101.88,26.4350177781321
04-04-2016,104.83,26.337770110825
05-04-2016,103.06,26.1382491933704
06-04-2016,104.44,26.2115895777999
07-04-2016,103.85,25.8379822730224
08-04-2016,106.6,25.845441813389
11-04-2016,109.75,25.6713104418242
12-04-2016,109.95,25.9157920497214
13-04-2016,108.96,26.5168615255748
14-04-2016,110.34,26.394481799517
15-04-2016,107.78,26.3140017519152
18-04-2016,107.59,26.1472455978454
19-04-2016,109.55,26.0667426370636
20-04-2016,109.16,25.6187950895228
21-04-2016,113.1,25.0517295776425
22-04-2016,117.42,24.8625488448807
25-04-2016,116.05,24.2935061855057
26-04-2016,130.21,24.8560699063039
27-04-2016,134.53,24.6986896243862
28-04-2016,124.7,24.9941497269349
29-04-2016,121.55,24.0723476507909
02-05-2016,120.18,22.8679145210385
03-05-2016,117.82,23.7204238966465
04-05-2016,120.57,26.4644803970404
05-05-2016,121.95,25.5725007695317
06-05-2016,115.26,25.794324490254
09-05-2016,112.11,25.5326929295174
10-05-2016,116.05,25.3365004152773
11-05-2016,118.41,24.7914460906101
12-05-2016,114.28,24.2778639230347
13-05-2016,115.06,23.7530568655379
16-05-2016,120.18,23.6095502564547
17-05-2016,119,23.5607590745551
18-05-2016,119.19,23.3334152054944
19-05-2016,118.01,23.0191263977978
20-05-2016,117.42,23.1661383751442
23-05-2016,112.9,23.643984960579
24-05-2016,114.08,23.2276902467486
25-05-2016,115.46,22.955895676327
26-05-2016,118.6,23.0297244546737
27-05-2016,118.8,22.808214234385
31-05-2016,119.98,22.4547746040246
01-06-2016,117.42,21.2692533289348
02-06-2016,118.6,20.8143133437531
03-06-2016,117.03,20.6295303389329
06-06-2016,122.14,19.8126685655703
07-06-2016,120.37,21.0848254921199
08-06-2016,120.18,19.7869938313906
09-06-2016,120.37,19.6200428936805
10-06-2016,117.23,20.6552426501358
13-06-2016,115.26,23.1612016354417
14-06-2016,115.26,23.3728885274266
15-06-2016,116.24,23.8401513271367
16-06-2016,112.31,23.5932103851219
17-06-2016,111.52,23.2608526058431
20-06-2016,115.26,22.6700978370974
21-06-2016,109.36,23.3404392288199
22-06-2016,111.91,23.1580020137967
23-06-2016,111.13,22.6174716251694
24-06-2016,97.56,23.0482400333983
27-06-2016,93.82,27.9118797377839
28-06-2016,92.25,28.7083857722637
29-06-2016,88.9,30.2919421550567
30-06-2016,87.92,31.6257316119606
01-07-2016,90.87,30.5397009079234
05-07-2016,92.64,30.2996595437477
06-07-2016,90.28,30.5939907637045
07-07-2016,90.08,30.1223385677749
08-07-2016,89.49,29.6812958048869
11-07-2016,87.13,29.7569771880836
12-07-2016,91.07,29.5034943295161
13-07-2016,94.21,29.2016302217929
14-07-2016,94.02,28.5919870353928
15-07-2016,96.97,28.4598683494633
18-07-2016,95.39,27.4565889491835
19-07-2016,91.85,26.8400353209002
20-07-2016,92.25,26.8294742664441
21-07-2016,91.66,26.8590746518582
22-07-2016,89.89,26.8078521335903
25-07-2016,90.48,26.6015714612476
26-07-2016,88.9,26.4688647781451
27-07-2016,89.3,26.3905962035556
28-07-2016,88.31,26.0519065174341
29-07-2016,87.13,24.9693316861001
01-08-2016,86.15,24.603467947937
02-08-2016,86.94,24.5613708720597
03-08-2016,91.26,24.9677108265478
04-08-2016,92.44,24.4069082437304
05-08-2016,93.03,24.2090067069778
08-08-2016,97.36,23.9952883734067
09-08-2016,95.98,23.8839899231502
10-08-2016,93.82,22.8389241238874
11-08-2016,95.98,22.6569697700421
12-08-2016,96.38,22.109783570765
15-08-2016,94.61,21.9105224901098
16-08-2016,92.44,22.4166807912276
17-08-2016,88.31,22.0465543663109
18-08-2016,92.25,21.8069349302957
19-08-2016,93.82,22.9026812746932
22-08-2016,96.38,21.8606634879893
23-08-2016,92.64,21.397765697747
24-08-2016,90.67,21.6120109056838
25-08-2016,92.64,22.1509962901208
26-08-2016,92.44,22.0334238595852
29-08-2016,92.44,21.8404175127305
30-08-2016,89.49,21.5800699608262
31-08-2016,87.92,20.4004078817327
01-09-2016,86.15,20.7252090756061
02-09-2016,80.25,20.3220888485077
06-09-2016,81.24,20.5385637150627
07-09-2016,78.88,20.440813953232
08-09-2016,80.25,20.1799725961395
09-09-2016,80.25,20.1383497313222
12-09-2016,79.27,23.4854245096381
13-09-2016,79.27,23.269580730037
14-09-2016,78.29,24.338368175984
15-09-2016,81.43,24.3948954548878
16-09-2016,85.75,24.5090870571272
19-09-2016,86.54,24.2425492512287
20-09-2016,81.82,24.6628010239503
21-09-2016,82.81,24.1705980793973
22-09-2016,86.93,24.3825868367393
23-09-2016,89.28,24.2629963851726
26-09-2016,90.85,24.4662222575407
27-09-2016,87.12,23.6748430249659
28-09-2016,97.33,23.3599212891625
29-09-2016,98.77,23.6524724863377
30-09-2016,97.52,23.484041307788
03-10-2016,104.39,23.4125928328036
04-10-2016,102.43,22.591410198011
05-10-2016,107.73,22.3200124369913
06-10-2016,115.18,22.5085883928766
07-10-2016,111.76,22.3107100327946
10-10-2016,111.26,22.9811820333375
11-10-2016,106.75,22.8476833553841
12-10-2016,108.52,23.6778271955836
13-10-2016,111.06,23.4581345555668
14-10-2016,114.1,23.1634277831237
17-10-2016,115.38,23.0561641246071
18-10-2016,116.95,23.0664857912763
19-10-2016,111.46,23.0719371634036
20-10-2016,109.58,23.0859702081055
21-10-2016,115.65,22.8889760266883
24-10-2016,114.08,22.4435510782519
25-10-2016,114.08,22.4358190291696
26-10-2016,116.63,23.0374095101919
27-10-2016,114.08,22.9736194215604
28-10-2016,115.58,22.9350907182056
31-10-2016,115.98,22.9207298142553
01-11-2016,118.52,22.1504917041449
02-11-2016,122.64,22.483473171003
03-11-2016,127.73,22.6805405815597
04-11-2016,125.97,23.8283258907484
07-11-2016,122.44,23.7607190255595
08-11-2016,120.88,24.4583366510423
09-11-2016,120.48,24.3088545229696
10-11-2016,116.37,24.7583578378121
11-11-2016,111.31,25.451515722063
14-11-2016,106.4,24.76288507
15-11-2016,112.85,24.3693793954605
16-11-2016,109.14,23.5885146285424
17-11-2016,115.8,23.3108758136128
18-11-2016,109.73,23.0970701939196
21-11-2016,107.77,22.8603166958117
22-11-2016,108.36,23.1393162482842
23-11-2016,106.01,22.8078017800829
25-11-2016,98.38,22.3270663755527
28-11-2016,93.3,21.9356978888703
29-11-2016,89.78,21.761881544873
30-11-2016,90.17,21.2797591508168
01-12-2016,87.82,21.4038205171283
02-12-2016,84.69,21.2799641495618
05-12-2016,86.06,20.4503764509756
06-12-2016,88.41,20.2257995521136
07-12-2016,84.5,19.3787474084913
08-12-2016,90.56,19.8372506575382
09-12-2016,87.63,19.0470314686216
12-12-2016,95.64,18.9699771961551
13-12-2016,94.08,19.1095187186422
14-12-2016,98.58,18.7537706741531
15-12-2016,95.06,18.7768553760474
16-12-2016,96.82,18.1389005039293
19-12-2016,100.14,17.914139419751
20-12-2016,102.69,17.5732137341215
21-12-2016,113.83,17.4712029566837
22-12-2016,119.12,17.2467397252515
23-12-2016,122.05,16.8232912706933
27-12-2016,124.01,16.4879061624558
28-12-2016,124.01,15.9136879860313
29-12-2016,124.59,15.6069268359829
30-12-2016,128.5,15.4703799982735
03-01-2017,106.4,15.3987725817072
04-01-2017,112.07,15.0832480817301
05-01-2017,103.66,15.6103278875505
06-01-2017,98.77,15.5006738240343
09-01-2017,103.27,15.2625880872863
10-01-2017,107.97,14.6648081230143
11-01-2017,108.16,14.6598884356439
12-01-2017,98.77,14.6657484889903
13-01-2017,98.77,14.6015270120375
17-01-2017,97.8,14.8516303690203
18-01-2017,94.67,14.2311336036166
19-01-2017,101.71,14.3812130397998
20-01-2017,106.21,14.4814753217063
23-01-2017,104.25,15.014750342627
24-01-2017,99.56,15.0376649446497
25-01-2017,97.4,15.5043861283628
26-01-2017,101.71,15.7121617105618
27-01-2017,96.23,15.7568857403913
30-01-2017,101.12,15.7463454032912
31-01-2017,104.84,16.5609937925839
01-02-2017,103.27,16.4366195058522
02-02-2017,102.29,16.8462328434545
03-02-2017,100.93,16.6322657633644
06-02-2017,99.75,17.3730277139898
07-02-2017,101.12,17.6096791277171
08-02-2017,102.1,17.4632969928901
09-02-2017,103.47,17.3445549374747
10-02-2017,100.14,17.2005870352407
13-02-2017,95.84,17.6955604118398
14-02-2017,100.34,17.7210929380719
15-02-2017,99.16,17.6989622428664
16-02-2017,96.62,17.4575030055256
17-02-2017,97.4,17.1016695426127
21-02-2017,98.77,16.5497174016307
22-02-2017,99.16,16.8839783955702
23-02-2017,104.64,17.1053748315227
24-02-2017,105.42,16.549128104494
27-02-2017,101.71,16.772975130384
28-02-2017,102.49,16.6533768069935
01-03-2017,115.59,16.910241472709
02-03-2017,106.99,17.1762242147571
03-03-2017,109.53,17.1465704937219
06-03-2017,107.38,16.6424031879099
07-03-2017,105.23,16.5385029883754
08-03-2017,102.49,16.4795089162449
09-03-2017,100.34,16.6201260706355
10-03-2017,101.12,16.4297387203474
13-03-2017,100.93,15.9501221938822
14-03-2017,99.95,15.9920901468837
15-03-2017,101.71,16.4314577147624
16-03-2017,100.73,17.4034615073747
17-03-2017,100.53,17.135542559726
20-03-2017,97.6,17.0181826434958
21-03-2017,96.62,16.8243223333462
22-03-2017,97.21,19.4040138997775
23-03-2017,97.4,19.2608588375777
24-03-2017,93.3,18.7786628202007
27-03-2017,90.56,18.7654200730325
28-03-2017,92.71,18.5026181086765
29-03-2017,93.1,18.7990320505846
30-03-2017,96.23,18.7847531882884
31-03-2017,91.73,18.1721392416213
03-04-2017,95.25,18.2198900942667
04-04-2017,90.95,17.5821697828497
05-04-2017,94.28,17.0587656241166
06-04-2017,98.97,14.7504958588196
07-04-2017,95.64,14.8325351158218
10-04-2017,93.69,14.7428625357599
11-04-2017,95.25,15.0467969592539
12-04-2017,96.43,14.1533812630534
13-04-2017,96.82,13.8008788544338
18-04-2017,95.06,13.9880815371176
19-04-2017,94.47,14.156446148611
20-04-2017,92.91,14.581632628866
21-04-2017,89.39,14.3767560824618
24-04-2017,90.75,14.0547355985501
25-04-2017,88.02,15.2635365702359
26-04-2017,90.17,15.631594099012
27-04-2017,88.99,15.3820695212097
28-04-2017,89.39,14.9124113939192
01-05-2017,89.39,14.6472911750257
02-05-2017,87.04,14.6615435107324
03-05-2017,86.06,14.6527402167283
04-05-2017,88.41,14.5651413502892
05-05-2017,89.58,16.6267770970933
08-05-2017,86.45,17.1364025851706
09-05-2017,88.41,17.023667730264
10-05-2017,87.04,16.8130800980608
11-05-2017,85.08,16.7927294128447
12-05-2017,87.23,16.2779768123842
15-05-2017,85.86,16.1416530165039
16-05-2017,88.8,16.6478641407318
17-05-2017,89.58,16.3773438339219
18-05-2017,93.1,18.7801246133858
19-05-2017,94.86,15.3334839630825
22-05-2017,96.04,15.6938248699516
23-05-2017,92.91,15.5451754315685
24-05-2017,96.04,15.4148581026189
25-05-2017,97.4,15.3063598820984
26-05-2017,101.51,14.8645191705926
30-05-2017,100.53,15.1727862583235
31-05-2017,97.4,15.1184546817358
01-06-2017,99.36,14.924210100533
02-06-2017,100.93,14.9339877622607
05-06-2017,101.12,14.3698361473584
06-06-2017,97.21,14.7656559092152
07-06-2017,95.45,14.6291450093907
08-06-2017,98.77,14.6230918990149
09-06-2017,98.58,14.7324740952781
12-06-2017,96.23,14.4277404355408
13-06-2017,97.99,14.2102472551513
14-06-2017,96.62,14.3440591259849
15-06-2017,97.01,13.5126554815036
16-06-2017,95.45,13.8835953777825
19-06-2017,96.43,13.7086785847602
20-06-2017,96.82,13.7799646860523
21-06-2017,95.45,14.8603361494032
22-06-2017,95.06,15.1589606047216
23-06-2017,95.25,15.1642917711297
26-06-2017,93.49,15.6193831769611
27-06-2017,96.62,15.5946203769492
28-06-2017,96.62,15.4524992594264
29-06-2017,99.16,15.8761998661574
30-06-2017,98.38,16.3291752168937
03-07-2017,100.53,16.4765609791285
05-07-2017,98.58,16.350316308502
06-07-2017,102.49,17.0679640638019
07-07-2017,104.45,16.843205862624
10-07-2017,105.62,16.8741320077913
11-07-2017,104.25,15.8888150269616
12-07-2017,107.18,15.6272493470623
13-07-2017,104.84,16.4017901462014
14-07-2017,106.01,16.0784414736525
17-07-2017,106.4,15.7574628627499
18-07-2017,106.79,15.6494887841022
19-07-2017,105.42,15.6629000716932
20-07-2017,103.66,16.1764905825909
21-07-2017,99.56,16.0864393075214
24-07-2017,100.53,15.3875269670684
25-07-2017,100.93,15.4185862223596
26-07-2017,102.69,15.2817506384047
27-07-2017,100.53,15.141481258094
28-07-2017,101.32,15.3788365589769
31-07-2017,102.29,15.349045634636
01-08-2017,103.66,15.2941858380279
02-08-2017,106.21,15.5700865970626
03-08-2017,106.21,15.6600994931538
04-08-2017,104.64,15.7551417693691
07-08-2017,103.08,15.4996571125363
08-08-2017,103.08,15.7671696403272
09-08-2017,105.03,16.0609251573862
10-08-2017,105.03,15.8670554646722
11-08-2017,105.42,17.772876958873
14-08-2017,107.97,17.6185018544596
15-08-2017,108.16,17.6879635148596
16-08-2017,113.44,17.6117940270434
17-08-2017,113.64,17.4078784984922
18-08-2017,113.83,18.1270737601503
21-08-2017,112.47,18.604732799627
22-08-2017,113.05,18.9239506924537
23-08-2017,116.38,19.2186452924128
24-08-2017,116.38,18.855645402642
25-08-2017,119.12,18.2280385898099
28-08-2017,119.31,17.6768098389297
29-08-2017,118.14,17.6083864581024
30-08-2017,117.94,17.5721389890845
31-08-2017,116.18,17.4533475340965
01-09-2017,114.03,17.9507933236239
05-09-2017,127.13,18.0482390999923
06-09-2017,131.02,18.342075999786
07-09-2017,134.95,17.9511534536709
08-09-2017,138.25,18.1411367804233
11-09-2017,134.57,18.1703112625526
12-09-2017,134.37,19.1241434959629
13-09-2017,138.87,19.0268047839985
14-09-2017,138.87,19.2477151023968
15-09-2017,135.89,18.0053305688223
18-09-2017,131.59,17.9843260400932
19-09-2017,137.45,17.9402477098964
20-09-2017,135.17,18.0453108597694
21-09-2017,128.33,17.462927481035
22-09-2017,130.09,17.5349427580365
25-09-2017,142.39,16.5627031284003
26-09-2017,136.53,17.5740402862182
27-09-2017,135.56,17.7914882742918
28-09-2017,136.14,17.6961812454468
29-09-2017,138.29,18.7730998194463
02-10-2017,135.75,17.8724043420191
03-10-2017,136.92,17.3188615756907
04-10-2017,134.97,17.1546332906275
05-10-2017,134.85,16.8719654297701
06-10-2017,136.92,16.6682114694649
09-10-2017,136.14,16.0416531727823
10-10-2017,144.53,15.8767752635126
11-10-2017,144.34,16.7505061639204
12-10-2017,144.92,16.3460647661435
13-10-2017,143.16,16.1597797624621
16-10-2017,143.95,16.0116137657613
17-10-2017,145.12,15.7101203769378
18-10-2017,152.72,15.7348107821639
19-10-2017,149.6,15.7420528563564
20-10-2017,148.04,15.8544881218874
23-10-2017,145.51,15.7437128621314
24-10-2017,146.09,15.8707273706518
25-10-2017,144.73,15.42917672
26-10-2017,140.83,16.2187360824114
27-10-2017,140.24,16.4526878402186
30-10-2017,139.79,17.7090007054341
31-10-2017,144.27,17.202406632018
01-11-2017,147,16.4546523837884
02-11-2017,149.93,16.3539321513569
03-11-2017,154.22,15.9886918913715
06-11-2017,155,16.1414013955026
07-11-2017,151.68,16.0342600347661
08-11-2017,150.95,16.0074749651891
09-11-2017,147.63,14.4226746022992
10-11-2017,144.71,13.5077558500301
13-11-2017,143.74,13.3083923393133
14-11-2017,144.68,13.1424545336548
15-11-2017,150.53,13.6393240639126
16-11-2017,146.65,14.0229538518153
17-11-2017,146.26,14.2298872729037
20-11-2017,145.48,14.3924352620605
21-11-2017,144.51,14.1281448805243
22-11-2017,144.12,14.1876730702075
24-11-2017,151.71,14.0128131466356
27-11-2017,150.54,14.2531298399718
28-11-2017,148.4,14.4347945569383
29-11-2017,150.54,14.505593209597
30-11-2017,147.23,14.4774870358714
01-12-2017,150.16,14.0459049310564
04-12-2017,147.62,13.8882782836097
05-12-2017,145.29,14.2579610016961
06-12-2017,142.17,14.1743652858101
07-12-2017,143.73,13.9944043642055
08-12-2017,139.64,14.3298730985501
11-12-2017,140.81,13.8790058696614
12-12-2017,139.64,14.0110036831372
13-12-2017,138.47,14.4423735837982
14-12-2017,138.86,13.5995935232596
15-12-2017,140.42,13.0546976596748
18-12-2017,144.7,12.8147969768086
19-12-2017,146.84,13.4407075826408
20-12-2017,152.1,13.4872792883068
21-12-2017,156.19,13.678405793386
22-12-2017,159.5,13.4536447179161
26-12-2017,159.5,13.1575506691013
27-12-2017,159.11,13.016411418598
28-12-2017,159.89,13.4632167922394
29-12-2017,159.31,13.3198386121327
02-01-2018,152.1,13.3414572301944
03-01-2018,152.49,15.0270766861206
04-01-2018,151.32,14.4481704455317
05-01-2018,151.52,14.2247927248248
08-01-2018,149.18,13.8652816036884
09-01-2018,151.52,13.7773424025803
10-01-2018,153.66,13.6483422261613
11-01-2018,152.3,14.0468737385575
12-01-2018,153.08,14.3792539897723
16-01-2018,156.78,14.2453496672595
17-01-2018,159.31,12.8416553464444
18-01-2018,165.35,13.0503387207729
19-01-2018,170.6,12.8783752709472
22-01-2018,170.41,12.8463896644305
23-01-2018,175.47,12.7370964305151
24-01-2018,184.24,12.6022306388192
25-01-2018,179.95,11.8381978757022
26-01-2018,177.03,12.1744075860844
29-01-2018,175.28,11.7769072484877
30-01-2018,172.94,10.1207911650263
31-01-2018,180.73,11.5181601947087
01-02-2018,180.54,11.3399044329762
02-02-2018,174.5,11.0379162974078
05-02-2018,176.64,12.8433387857428
06-02-2018,171.38,15.32300623
07-02-2018,175.08,15.082030133341
08-02-2018,177.62,14.8307395147528
09-02-2018,179.76,16.5006316297399
12-02-2018,184.63,15.6503051660308
13-02-2018,192.81,15.7192175052918
14-02-2018,186.96,15.6052520752692
15-02-2018,185.8,16.5583253138899
16-02-2018,185.41,16.9657829813315
20-02-2018,189.3,16.8844961097806
21-02-2018,186.18,16.5280279765413
22-02-2018,189.3,16.041554320168
23-02-2018,191.05,15.7360425920255
26-02-2018,187.55,15.4786855791184
27-02-2018,197.68,15.3530267429807
28-02-2018,196.7,15.9476865472397
01-03-2018,194.56,16.1374912362531
02-03-2018,197.48,16.6822713500104
05-03-2018,201.77,16.5274559205508
06-03-2018,203.91,16.459671974346
07-03-2018,207.22,16.0077146563393
08-03-2018,216.57,16.4744356714018
09-03-2018,216.57,16.3707781915871
12-03-2018,215.79,18.0596696710832
13-03-2018,222.02,18.1175293289549
14-03-2018,217.74,18.6007932516333
15-03-2018,217.93,18.1560941249858
16-03-2018,217.54,17.9184470283804
19-03-2018,215.4,17.2887504352667
20-03-2018,224.94,17.0885001987272
21-03-2018,246.36,16.9159339668592
22-03-2018,240.33,16.9574052342642
23-03-2018,245.58,17.8033787140764
26-03-2018,252.99,17.3291052351489
27-03-2018,266.42,18.1880951565159
28-03-2018,252.99,19.2014492802531
29-03-2018,258.63,19.4483068053047
03-04-2018,259.02,20.5300637595966
04-04-2018,254.35,20.358855442084
05-04-2018,246.17,19.9982284165208
06-04-2018,252.99,19.861958689549
09-04-2018,259.61,20.1707409197061
10-04-2018,260.58,19.2516033021602
11-04-2018,261.55,19.5823586903425
12-04-2018,264.67,19.5183126588347
13-04-2018,271.49,19.6353234580365
16-04-2018,272.66,19.4157679
17-04-2018,267.59,18.8806035915221
18-04-2018,270.51,19.7904014890526
19-04-2018,262.14,19.1696712499804
20-04-2018,254.15,19.3522861223569
23-04-2018,251.04,19.5433832888726
24-04-2018,257.66,19.4162625881639
25-04-2018,258.24,17.9830799798392
26-04-2018,262.72,17.617514193355
27-04-2018,264.09,17.9074147399629
30-04-2018,264.67,17.6921726862954
01-05-2018,260.78,17.684470664986
02-05-2018,254.35,17.4765731547898
03-05-2018,252.4,17.2492842417259
04-05-2018,253.57,16.5757588910557
07-05-2018,265.26,16.3578468239879
08-05-2018,264.87,16.2704282374273
09-05-2018,272.66,15.6909927847343
10-05-2018,284.54,16.0113167539715
11-05-2018,284.93,16.4295027110173
14-05-2018,285.12,15.8309713578553
15-05-2018,278.89,15.4368691067777
16-05-2018,295.64,15.545124588984
17-05-2018,297.97,15.479656218949
18-05-2018,297,15.0733805520422
21-05-2018,303.04,14.85847827
22-05-2018,310.63,15.3093626783948
23-05-2018,311.8,14.7505263359984
24-05-2018,317.25,14.5960111903242
25-05-2018,311.61,14.3778477199033
29-05-2018,317.45,15.2926451030716
30-05-2018,308.49,15.0675629143366
31-05-2018,290.38,15.108236555761
01-06-2018,297.78,15.1326060044911
04-06-2018,314.14,15.0601698620583
05-06-2018,307.13,14.72945437
06-06-2018,310.24,14.5654690550705
07-06-2018,311.61,14.3569868201756
08-06-2018,308.1,14.1247423967354
11-06-2018,301.67,14.035645919418
12-06-2018,295.05,13.9200257603666
13-06-2018,298.17,13.1576424823282
14-06-2018,290.38,13.1282835075177
15-06-2018,282.98,13.4650322674487
18-06-2018,284.34,14.1550673589655
19-06-2018,277.33,13.9711801873861
20-06-2018,282.39,14.0693971420643
21-06-2018,288.43,14.1522938297316
22-06-2018,294.47,14.5648644897501
25-06-2018,292.72,15.1529670822117
26-06-2018,292.72,15.0972649377053
27-06-2018,297.19,15.4340379426461
28-06-2018,292.13,16.2300343997749
29-06-2018,291.94,16.0622147241762
02-07-2018,293.49,16.1120189907714
03-07-2018,294.08,15.936324047044
05-07-2018,305.37,15.9158096720923
06-07-2018,305.76,16.120562092683
09-07-2018,311.61,15.9886566727711
10-07-2018,312.58,14.9792492515837
11-07-2018,317.84,14.660866578307
12-07-2018,313.36,14.5510933670759
13-07-2018,312.78,14.788224590877
16-07-2018,310.24,14.5815393997613
17-07-2018,313.16,14.635900764558
18-07-2018,319.59,14.6267104758423
19-07-2018,328.36,14.921401825362
20-07-2018,332.45,14.0822734723415
23-07-2018,338.68,13.2585647542129
24-07-2018,333.03,13.4837885058093
25-07-2018,337.7,13.3270352019373
26-07-2018,336.73,13.3426083263234
27-07-2018,333.42,12.9709319792291
30-07-2018,332.06,12.8513284012815
31-07-2018,338.87,12.7426986273275
01-08-2018,346.27,12.9173449963274
02-08-2018,343.55,12.8325367055594
03-08-2018,344.33,12.9440288553468
06-08-2018,342.18,12.7244540411895
07-08-2018,341.01,12.3094905446432
08-08-2018,338.87,12.2121449381821
09-08-2018,342.77,12.2680283015438
10-08-2018,348.42,13.6628646962361
13-08-2018,351.73,13.7186583193288
14-08-2018,353.67,13.7642173943045
15-08-2018,352.31,13.5989149759206
16-08-2018,350.36,14.5438173014286
17-08-2018,353.28,14.2389536226067
20-08-2018,360.1,14.4024279724222
21-08-2018,376.07,14.4828085031141
22-08-2018,385.61,14.2647630736349
23-08-2018,396.91,13.9456147605446
24-08-2018,402.95,13.8032711420889
27-08-2018,414.83,13.6060368544142
28-08-2018,402.95,14.0611609031604
29-08-2018,410.15,14.045256012587
30-08-2018,412.1,14.2388107426301
31-08-2018,410.74,14.1495609633963
04-09-2018,393.02,13.6710007199894
05-09-2018,396.72,13.367530550379
06-09-2018,418.12,13.297851118995
07-09-2018,452.18,13.1872384019524
10-09-2018,491.37,12.7618637309487
11-09-2018,471.04,12.7752889953685
12-09-2018,447.13,11.9095689298738
13-09-2018,368.38,11.5879698202941
14-09-2018,389.35,11.5621617814132
17-09-2018,408.18,11.2960054103133
18-09-2018,394.41,10.9603685116081
19-09-2018,418.46,11.1216235463465
20-09-2018,429.53,11.2250636011124
21-09-2018,431.53,11.4363900222124
24-09-2018,437.6,11.2969718559965
25-09-2018,415.19,11.5538574839727
26-09-2018,395.88,12.1364211363667
27-09-2018,407.31,11.9490986780763
28-09-2018,414.67,12.0188931330119
01-10-2018,418.35,12.4364406849188
02-10-2018,410.87,12.3044244775123
03-10-2018,414.95,12.2307570888257
04-10-2018,418.2,11.6795892639836
05-10-2018,434.12,13.5919629060406
08-10-2018,431.23,12.4901106135474
09-10-2018,409.23,11.1625680928021
10-10-2018,381.75,11.3705792715265
11-10-2018,389.06,14.4541420207039
12-10-2018,398.27,15.5662457872113
15-10-2018,362.49,15.4789686392059
16-10-2018,375.91,15.480971437673
17-10-2018,374.95,16.6596622172522
18-10-2018,383.97,16.4234488756171
19-10-2018,383.27,16.3625081688399
22-10-2018,369.41,16.1692907042649
23-10-2018,373.69,16.1696443266421
24-10-2018,381.1,14.8068503306231
25-10-2018,370.69,16.7359441534601
26-10-2018,355.1,16.2532249460521
29-10-2018,323.93,15.5160696326469
30-10-2018,310.77,15.4009035526784
31-10-2018,317.92,14.8513938303508
01-11-2018,303.48,14.7226299263139
02-11-2018,331.85,15.1145081763906
05-11-2018,334.72,15.0611308461934
06-11-2018,341.37,14.07507551
07-11-2018,361.75,13.1885762942999
08-11-2018,379.58,12.4629199053625
09-11-2018,378.28,12.3185596668141
12-11-2018,397.54,12.7096829702003
13-11-2018,390.67,13.0228293795488
14-11-2018,383,12.7902446488071
15-11-2018,369.41,12.6108785254821
16-11-2018,371.33,12.3541655191541
19-11-2018,367.72,12.4208561307759
20-11-2018,377.83,12.690874191048
21-11-2018,397.45,13.3314028693864
23-11-2018,391.93,13.2823177127164
26-11-2018,384.5,13.9182754184044
27-11-2018,380.12,13.4096502648643
28-11-2018,374.02,13.3679061585736
29-11-2018,387.74,13.6646664981036
30-11-2018,396.88,13.2234433954465
03-12-2018,399.73,13.1898548405496
04-12-2018,401.45,14.0209173928002
05-12-2018,381.26,15.175423022489
06-12-2018,387.16,15.160088041239
07-12-2018,393.07,15.9381388266608
10-12-2018,403.92,15.8726256025132
11-12-2018,390.59,15.7280100911038
12-12-2018,415.73,15.6816715985905
13-12-2018,431.73,15.6956931645368
14-12-2018,451.72,15.5337792728946
17-12-2018,468.48,16.0906059534953
18-12-2018,463.34,16.8973259107055
19-12-2018,468.86,17.5964072995729
20-12-2018,466.01,16.9541827627856
21-12-2018,474.58,18.1195632857838
24-12-2018,479.53,18.309458849539
26-12-2018,479.53,18.9080183412479
27-12-2018,476.29,21.845207615882
28-12-2018,475.72,21.6367107373135
31-12-2018,476.29,21.3826478299127
02-01-2019,482,21.0142476024285
03-01-2019,444.11,21.0552520798491
04-01-2019,451.91,21.103977001493
07-01-2019,423.73,22.9496445556582
08-01-2019,434.97,22.8554206694256
09-01-2019,419.54,22.1824821206721
10-01-2019,421.06,22.6872535771547
11-01-2019,433.06,22.5038731792703
14-01-2019,429.44,22.4468940177897
15-01-2019,430.78,22.2595249766867
16-01-2019,445.63,22.1658641383877
17-01-2019,450.77,21.5749951588126
18-01-2019,473.43,21.7278527034743
22-01-2019,480.1,21.5492425100523
23-01-2019,470.77,22.5992751299478
24-01-2019,458.39,22.4203705251332
25-01-2019,455.72,23.2108432141523
28-01-2019,433.63,22.6613911993985
29-01-2019,445.44,22.036043210004
30-01-2019,439.16,22.1219328876953
31-01-2019,424.68,22.0745601278535
01-02-2019,418.78,21.2491468286695
04-02-2019,439.16,20.9312213389665
05-02-2019,441.25,20.7973291696897
06-02-2019,451.34,19.9564809446294
07-02-2019,447.15,18.8382115856505
08-02-2019,426.01,19.3436364416263
11-02-2019,426.59,19.413663337794
12-02-2019,394.21,19.1131420198288
13-02-2019,398.78,19.1096052163205
14-02-2019,376.69,18.9199480216999
15-02-2019,388.88,18.6940899791293
19-02-2019,384.88,17.6982842652535
20-02-2019,390.02,18.2633207789267
21-02-2019,358.03,18.0880464664613
22-02-2019,360.69,17.7223116638078
25-02-2019,366.41,18.2909646778408
26-02-2019,374.41,18.4066554545349
27-02-2019,405.07,18.0878813114458
28-02-2019,413.06,18.1693669084281
01-03-2019,424.3,17.3283590813009
04-03-2019,440.49,17.3225636645771
05-03-2019,436.87,16.9635470562625
06-03-2019,421.44,16.9978222620481
07-03-2019,443.15,18.8327393333452
08-03-2019,438.39,18.9970125765925
11-03-2019,424.3,18.7518665151627
12-03-2019,425.25,20.5763142456562
13-03-2019,424.3,20.4024418837801
14-03-2019,433.06,20.3621102558953
15-03-2019,427.92,20.0450642017708
18-03-2019,415.54,19.2572501400741
19-03-2019,402.21,18.9043841655681
20-03-2019,412.11,18.8249367664842
21-03-2019,398.78,18.5311539755691
22-03-2019,393.64,17.5383297368009
25-03-2019,398.78,20.3048634376227
26-03-2019,410.21,20.5263407925485
27-03-2019,416.11,20.2119355261231
28-03-2019,423.92,20.2623454278755
29-03-2019,410.21,20.1358671664781
01-04-2019,417.25,20.0837896449217
02-04-2019,419.16,20.2684367760921
03-04-2019,441.06,20.1604689926299
04-04-2019,465.44,20.3114801183001
05-04-2019,468.48,20.293457885222
08-04-2019,462.96,21.086914530254
09-04-2019,486.19,20.9385145406964
10-04-2019,497.62,21.2959079598161
11-04-2019,520.28,21.3863422327978
12-04-2019,506.19,20.9200616808259
15-04-2019,510.57,20.0417113408972
16-04-2019,514.19,19.7171404349376
17-04-2019,522.95,19.6702686295981
18-04-2019,512.09,19.12860263
23-04-2019,524.28,18.428687016707
24-04-2019,521.81,18.7677212330327
25-04-2019,519.52,18.124337606807
26-04-2019,492.29,18.5945954370258
29-04-2019,502.38,18.1918406373581
30-04-2019,500.67,17.7877289250856
01-05-2019,490.95,17.4631002765637
02-05-2019,470.39,17.5371338347879
03-05-2019,479.91,17.3813375567999
06-05-2019,482.39,17.3349491147647
07-05-2019,502.76,17.7769515930347
08-05-2019,512.47,16.5116366213612
09-05-2019,504.67,15.9515018914563
10-05-2019,487.91,16.5087935759076
13-05-2019,476.67,16.805362084914
14-05-2019,493.05,19.0822247946681
15-05-2019,494.57,19.0211713848998
16-05-2019,486.96,18.7287698206639
17-05-2019,476.1,18.666459138017
20-05-2019,479.91,17.7777435794149
21-05-2019,483.34,16.6677978955611
22-05-2019,502.19,17.4070974732176
23-05-2019,496.29,16.6476262542189
24-05-2019,485.05,18.3209030994529
28-05-2019,485.24,17.9521886211359
29-05-2019,486.19,17.6290810874264
30-05-2019,481.81,17.50289477
31-05-2019,465.82,17.0559714543367
03-06-2019,452.11,16.847448838934
04-06-2019,467.72,16.9795881799701
05-06-2019,461.82,17.8386382328116
06-06-2019,456.68,17.6527186466124
07-06-2019,466.77,17.5336792821249
10-06-2019,479.91,17.6807048369482
11-06-2019,475.72,17.8327284951812
12-06-2019,472.67,17.2531434951701
13-06-2019,475.34,17.3671066374216
14-06-2019,477.05,17.6721933181921
17-06-2019,476.48,17.6274567239907
18-06-2019,478.39,18.2213399271432
19-06-2019,475.34,18.6563562526227
20-06-2019,478,18.5238758327268
21-06-2019,481.81,19.6410229714735
24-06-2019,502.19,19.3471385159877
25-06-2019,502.95,19.0537680280107
26-06-2019,521.62,18.8220342223424
27-06-2019,512.09,18.7845920585622
28-06-2019,500.48,18.7838697160148
01-07-2019,512.67,18.6728369274832
02-07-2019,508.86,18.8565044309886
03-07-2019,504.86,19.1723773481174
05-07-2019,502.38,18.9684632
08-07-2019,510.57,17.800050648503
09-07-2019,505.81,17.7204415290868
10-07-2019,536.85,17.5979120169159
11-07-2019,538.76,18.3239662114175
12-07-2019,548.28,17.8017112491062
15-07-2019,553.23,17.7125101951409
16-07-2019,542.18,17.3690188385201
17-07-2019,542.18,17.6453762398444
18-07-2019,529.04,17.3778788033313
19-07-2019,550.18,16.787028172643
22-07-2019,552.09,16.6901321557785
23-07-2019,567.7,15.7250579077125
24-07-2019,555.89,15.4643499823334
25-07-2019,552.66,16.0009746762061
26-07-2019,538.76,16.2149151840784
29-07-2019,541.23,16.0611893975103
30-07-2019,531.33,15.7206779593564
31-07-2019,532.85,15.143012740079
01-08-2019,560.85,15.2542627981005
02-08-2019,557.23,15.5936989828014
05-08-2019,546.56,15.3593937942094
06-08-2019,541.04,18.7491840789201
07-08-2019,538.56,18.7964919324647
08-08-2019,543.33,19.266435457091
09-08-2019,535.52,20.5543706205071
12-08-2019,508.48,20.8205549412818
13-08-2019,516.09,20.8564921684107
14-08-2019,512.47,19.9768910509547
15-08-2019,494.76,21.6985558837402
16-08-2019,494.38,21.080156055081
19-08-2019,505.81,21.2623016060698
20-08-2019,499.91,21.3757760592766
21-08-2019,495.53,21.3426205330707
22-08-2019,488.67,21.2222289416963
23-08-2019,478,21.1540344384792
26-08-2019,491.91,21.8506667314556
27-08-2019,483.91,21.491168143729
28-08-2019,495.34,21.2181436654322
29-08-2019,503.9,21.2991651972529
30-08-2019,501.24,21.5458315395057
03-09-2019,480.48,21.3932478398714
04-09-2019,485.98,21.7486866788751
05-09-2019,486.16,22.7450658789481
06-09-2019,477.6,22.4719305958954
09-09-2019,476.48,22.0361004263382
10-09-2019,508.82,21.5739698462614
11-09-2019,500.26,21.2683863712602
12-09-2019,503.33,21.8789115797929
13-09-2019,502.38,20.6792088642666
16-09-2019,514.97,20.2736811452131
17-09-2019,499.39,20.5814829015294
18-09-2019,484.71,20.4886649422924
19-09-2019,494.2,20.3099638045416
20-09-2019,505.34,19.6975639959253
23-09-2019,491.41,19.4614996201974
24-09-2019,486.41,18.9032540911092
25-09-2019,480.21,18.861502935892
26-09-2019,488.37,18.8136703897589
27-09-2019,481.92,18.5140919095546
30-09-2019,470.91,19.1987187549658
01-10-2019,476.86,19.2283982513511
02-10-2019,460.65,19.3478688697445
03-10-2019,442.62,20.0259969687952
04-10-2019,437,19.7362043369936
07-10-2019,445.76,21.3055412497998
08-10-2019,429.15,20.9973067583458
09-10-2019,431.34,21.1144351526833
10-10-2019,442.81,21.3953685897735
11-10-2019,465.18,21.4737722404377
14-10-2019,459.69,22.0995688575566
15-10-2019,489.25,21.2924113046464
16-10-2019,500.43,21.1227956953962
17-10-2019,495.89,19.7553010776694
18-10-2019,492.48,20.0571516930289
21-10-2019,493.3,19.2707718410069
22-10-2019,488.19,20.0122436812609
23-10-2019,470.96,19.0313604028398
24-10-2019,484.02,19.1929448748856
25-10-2019,475,17.5468551156193
28-10-2019,477.84,17.2512310752091
29-10-2019,483.96,17.1537384750083
30-10-2019,494.37,16.8643600913965
31-10-2019,486.99,16.5112818515261
01-11-2019,480.8,17.0540857972946
04-11-2019,487.24,17.9767317608635
05-11-2019,484.97,17.196504473513
06-11-2019,471.34,16.5998498713049
07-11-2019,474.04,16.4230470647712
08-11-2019,472.14,16.0387296584609
11-11-2019,473.7,15.8644042588414
12-11-2019,458.37,15.7063697303086
13-11-2019,463.64,14.6500918898079
14-11-2019,455.5,14.8696241352306
15-11-2019,453.42,14.4885092067477
18-11-2019,444.73,15.0755183117756
19-11-2019,445.67,14.522239937491
20-11-2019,456.64,15.6952854419311
21-11-2019,455.13,15.4393320582966
22-11-2019,467.22,15.3326992126343
25-11-2019,464.58,14.6630411504337
26-11-2019,463.63,15.2013943055049
27-11-2019,477.43,14.6517318446379
29-11-2019,479.32,14.6819816419562
02-12-2019,462.5,14.2778846056215
03-12-2019,456.45,14.1852260342435
04-12-2019,470.63,14.035544903231
05-12-2019,469.68,14.680138314215
06-12-2019,474.41,14.7238779050057
09-12-2019,478.19,14.8194287469686
10-12-2019,474.6,14.9330445754442
11-12-2019,465.9,14.8909757037743
12-12-2019,477.24,15.3711335144893
13-12-2019,456.83,15.923236496959
16-12-2019,472.71,15.8673048454812
17-12-2019,492.74,16.8868766333691
18-12-2019,502.38,16.8130671834619
19-12-2019,507.48,16.4627431377477
20-12-2019,504.08,16.2186536909682
23-12-2019,501.62,16.3502583294193
24-12-2019,492.93,15.8039247549644
26-12-2019,492.93,15.838336185041
27-12-2019,504.65,15.8810062802652
30-12-2019,474.22,15.7979395361798
31-12-2019,465.71,15.6290836859961
02-01-2020,460.99,15.3616253707829
03-01-2020,472.14,16.4833626594637
06-01-2020,457.96,16.8503946010437
07-01-2020,464.01,15.4997022968271
08-01-2020,455.13,15.2823772245846
09-01-2020,466.28,15.3928449257036
10-01-2020,457.58,15.3642246368973
13-01-2020,456.26,14.4555682569711
14-01-2020,450.59,15.2934235966513
15-01-2020,463.26,15.5356932405234
16-01-2020,469.68,14.8193259027806
17-01-2020,480.83,15.8290120551714
21-01-2020,471,15.6063047636749
22-01-2020,472.71,15.149310755008
23-01-2020,466.85,13.8531889367545
24-01-2020,460.8,13.6422064955621
27-01-2020,464.77,13.2137329311465
28-01-2020,465.9,16.9037888002291
29-01-2020,453.43,17.4714663249803
30-01-2020,448.7,17.334637709526
31-01-2020,451.35,17.0373545333972
03-02-2020,438.68,18.2667503383743
04-02-2020,441.52,18.5106436380749
05-02-2020,449.27,19.7720778837007
06-02-2020,445.3,19.7913229033127
07-02-2020,440.76,19.7067033673853
10-02-2020,437.74,20.2373664354452
11-02-2020,440.39,20.1663292153023
12-02-2020,451.35,20.7638257704232
13-02-2020,461.18,20.9098049234882
14-02-2020,459.1,20.7593428698777
18-02-2020,475.16,20.6642097339159
19-02-2020,485.94,20.3663171110387
20-02-2020,484.61,21.8698618495368
21-02-2020,484.05,21.1289702971709
24-02-2020,464.39,20.8520444337656
25-02-2020,457.02,23.5304067244427
26-02-2020,458.53,24.5942933797158
27-02-2020,446.06,22.2539430129677
28-02-2020,446.24,24.3637641073085
02-03-2020,444.54,23.6734039060206
03-03-2020,441.52,25.2629644646011
04-03-2020,450.4,24.8939916488585
05-03-2020,450.02,24.9308687142792
06-03-2020,442.65,24.8639084415992
09-03-2020,440.01,25.9300802704072
10-03-2020,455.51,33.1278801307936
11-03-2020,452.1,33.5009435189341
12-03-2020,425.64,34.3973608880012
13-03-2020,414.68,36.2379869596939
16-03-2020,368,36.496104710868
17-03-2020,346.07,37.6121172929224
18-03-2020,289.18,37.1967567315068
19-03-2020,309.78,38.4435131979311
20-03-2020,304.49,37.9576981706009
23-03-2020,293.72,36.9834333450412
24-03-2020,317.15,36.3722471312157
25-03-2020,330.95,37.1982192179942
26-03-2020,327.93,36.5189178032313
27-03-2020,309.78,35.781075397991
30-03-2020,322.45,36.0772202684299
31-03-2020,334.16,35.7921180811006
01-04-2020,322.82,35.4501393641068
02-04-2020,341.35,35.6121845200275
03-04-2020,339.46,35.3576468380006
06-04-2020,385.57,34.9960476875485
07-04-2020,387.65,35.1500631733429
08-04-2020,399.56,34.8227560771365
09-04-2020,398.43,34.0557934285246
14-04-2020,374.42,33.1956538626763
15-04-2020,363.84,32.7266112785873
16-04-2020,395.78,32.7925724316285
17-04-2020,410.14,32.4576116151009
20-04-2020,404.1,32.4322005989992
21-04-2020,375.18,30.4159350720245
22-04-2020,390.49,30.7126721330599
23-04-2020,397.48,30.9101075972484
24-04-2020,392,30.6935620836375
27-04-2020,383.31,30.1049559528758
28-04-2020,381.98,29.8412968968293
29-04-2020,381.6,29.5715509795409
30-04-2020,369.89,30.1615919922413
01-05-2020,358.55,30.3877722630606
04-05-2020,365.73,30.5708672650934
05-05-2020,360.81,30.2607771242697
06-05-2020,359.11,30.3790424088399
07-05-2020,369.32,29.3874729959699
08-05-2020,365.73,29.0686746370395
11-05-2020,360.44,29.3024953421266
12-05-2020,350.04,27.9504965960424
13-05-2020,352.88,27.7647402671112
14-05-2020,356.09,27.8466560914286
15-05-2020,362.33,27.1160426261358
18-05-2020,384.44,26.3596603516395
19-05-2020,377.45,28.3236566045042
20-05-2020,401.83,27.9722328896462
21-05-2020,400.32,28.2007701242419
22-05-2020,404.47,27.8128504385979
26-05-2020,408.25,27.5401381555589
27-05-2020,403.15,28.3277498484282
28-05-2020,401.83,27.9165684930206
29-05-2020,404.47,27.2526070373519
01-06-2020,396.35,27.0805043763175
02-06-2020,417.14,26.7373413286288
03-06-2020,417.33,26.2559372266757
04-06-2020,419.78,26.9056473667229
05-06-2020,439.25,26.3987502301129
08-06-2020,429.23,27.0067163689384
09-06-2020,424.89,26.8733040139821
10-06-2020,433.01,26.7312987294621
11-06-2020,420.92,25.4599120245508
12-06-2020,415.81,29.0621321781892
15-06-2020,418.84,28.4413103166562
16-06-2020,430.56,28.2017556864063
17-06-2020,429.99,28.0834469540423
18-06-2020,462.5,27.9254306874454
19-06-2020,456.64,27.7180284940144
22-06-2020,463.63,27.1313833510487
23-06-2020,480.27,26.6822915132532
24-06-2020,480.08,26.4056282201451
25-06-2020,475.92,27.3941736440101
26-06-2020,467.41,27.1242675729471
29-06-2020,503.32,27.7664983308074
30-06-2020,509.75,28.8712503811653
01-07-2020,523.74,28.4777521758279
02-07-2020,517.31,27.9289983834216
06-07-2020,561.35,27.7296304005557
07-07-2020,555.49,27.1227344786091
08-07-2020,554.17,26.7675133818467
09-07-2020,540.75,27.0901136738272
10-07-2020,548.5,26.9553391355675
13-07-2020,554.73,26.857599230665
14-07-2020,560.22,26.6396728666972
15-07-2020,545.28,25.9870515011515
16-07-2020,502.95,26.1933010312187
17-07-2020,525.82,26.1201793245513
20-07-2020,494.63,25.9190689967309
21-07-2020,502.95,24.0513244695979
22-07-2020,503.32,24.0463655940279
23-07-2020,516.55,23.793832094137
24-07-2020,498.41,23.6387590670742
27-07-2020,472.71,23.9881623601622
28-07-2020,486.5,23.5741524637099
29-07-2020,495.01,23.5993770470836
30-07-2020,482.72,23.419829924002
31-07-2020,496.71,22.9648955560892
03-08-2020,493.87,22.7588917227851
04-08-2020,507.1,22.4148447726546
05-08-2020,505.97,21.242702095196
06-08-2020,498.79,21.9162750472106
07-08-2020,499.36,21.8434547295984
10-08-2020,504.84,21.7024921462123
11-08-2020,495.01,21.8354216285925
12-08-2020,490.85,21.5140487910067
13-08-2020,480.64,22.1926776702591
14-08-2020,481.59,22.0300290413098
17-08-2020,497.09,21.667923902047
18-08-2020,501.81,21.7741613737722
19-08-2020,495.76,21.1243633598195
20-08-2020,489.53,20.5997883890852
21-08-2020,484.8,21.5684448635723
24-08-2020,519.39,21.3390483109456
25-08-2020,540.75,21.8570876984915
26-08-2020,540.94,21.5314920392809
27-08-2020,536.21,21.336107182026
28-08-2020,557.95,21.353621033257
31-08-2020,541.69,21.167010124099
01-09-2020,524.3,21.3357479826708
02-09-2020,533.56,21.0454926915191
03-09-2020,543.18,20.0904047233612
04-09-2020,517.12,22.1571860517187
08-09-2020,506.36,20.3324323475705
09-09-2020,514.05,19.2783391367955
10-09-2020,537.04,19.5062986883017
11-09-2020,533.98,19.7885229274489
14-09-2020,575.66,19.7866008779368
15-09-2020,562.88,19.9878243012098
16-09-2020,566.56,20.2665695277721
17-09-2020,537.16,20.3224712983991
18-09-2020,528.82,19.767688325657
21-09-2020,498.75,19.58745236
22-09-2020,525.87,19.6901688341209
23-09-2020,500.45,19.5082684428334
24-09-2020,505.85,18.9466023878188
25-09-2020,494.11,18.6573538350328
28-09-2020,523.11,18.2023315152106
29-09-2020,505.79,18.337966436066
30-09-2020,508.42,18.3265848796676
01-10-2020,500.51,18.4728984314584
02-10-2020,510.3,19.5564802633442
05-10-2020,508.61,19.0492220307962
06-10-2020,505.79,20.8829834232355
07-10-2020,507.78,20.7573398090491
08-10-2020,497.24,21.8806322040378
09-10-2020,485.39,21.6470972412818
12-10-2020,488.4,21.8486457313315
13-10-2020,476.08,21.3521061366258
14-10-2020,486.05,21.0342117433272
15-10-2020,471.3,20.873341329659
16-10-2020,469.77,21.0232122851153
19-10-2020,471.57,20.9245221487902
20-10-2020,460.86,20.7270073367531
21-10-2020,445.01,20.5918212885838
22-10-2020,456.53,22.5977276501328
23-10-2020,481.01,22.3446478019378
26-10-2020,450.33,22.221604920837
27-10-2020,454.22,23.5527153253812
28-10-2020,434.81,23.0178904995145
29-10-2020,446.7,23.9310889849272
30-10-2020,447.46,23.979328255037
02-11-2020,446.7,23.7669521400087
03-11-2020,460.1,24.1110088593289
04-11-2020,473.62,24.0283737784523
05-11-2020,489.95,23.2623266186813
06-11-2020,479.15,27.4866689414435
09-11-2020,500.36,27.4984508390261
10-11-2020,494.36,28.2331462978151
11-11-2020,492.33,27.6683760700495
12-11-2020,488.39,27.8626036854447
13-11-2020,495.14,27.5737328262098
16-11-2020,515.96,27.1139850210575
17-11-2020,501.9,27.4716178831721
18-11-2020,512.39,27.0767073609272
19-11-2020,496.63,26.0453371729391
20-11-2020,504.13,25.5815978556431
23-11-2020,513.88,25.4235456520454
24-11-2020,521,25.7899063365882
25-11-2020,521,24.5145880477031
27-11-2020,531.13,24.5261059400947
30-11-2020,550.06,24.7614314333573
01-12-2020,545,23.9538763888421
02-12-2020,557.75,23.5317125157046
03-12-2020,547.44,23.1614747325458
04-12-2020,568.25,23.1007415627373
07-12-2020,559.06,23.1690355341816
08-12-2020,558.12,22.9396953042645
09-12-2020,560.75,23.0075062672451
10-12-2020,583.43,24.0817089322613
11-12-2020,576.12,24.3028463344785
14-12-2020,581.37,24.0102026656385
15-12-2020,603.31,23.1985619105363
16-12-2020,595.81,26.042582213597
17-12-2020,599.18,25.9166943585043
18-12-2020,583.06,25.7168229447451
21-12-2020,579.12,25.1886748944667
22-12-2020,584,24.6475757399779
23-12-2020,598.43,25.4350492999003
24-12-2020,603.49,24.949343337072
28-12-2020,626.93,24.784986026047
29-12-2020,619.05,23.6186990637747
30-12-2020,603.49,23.1249306012679
31-12-2020,613.43,23.1534248184232
04-01-2021,631.61,22.9392871639201
05-01-2021,617.93,22.7536904580426
06-01-2021,630.49,23.512697844488
07-01-2021,651.67,27.3881589081925
08-01-2021,654.67,30.0118939339872
11-01-2021,647.36,29.5535967380349
12-01-2021,649.8,29.3027096476179
13-01-2021,630.86,28.7981495264346
14-01-2021,628.61,27.4369096820076
15-01-2021,595.06,27.0900241551763
19-01-2021,620.37,28.4462943887236
20-01-2021,616.99,28.7609405959486
21-01-2021,639.49,28.4734038316291
22-01-2021,641.93,27.6914249541305
25-01-2021,621.68,27.2915810275607
26-01-2021,625.24,26.8665399153735
27-01-2021,623.93,25.6092647336906
28-01-2021,636.49,26.1257005346235
29-01-2021,617.74,25.8457622343645
01-02-2021,615.87,25.9578026891585
02-02-2021,655.61,26.7472470052094
03-02-2021,701.73,26.7150689601498
04-02-2021,698.73,26.4338962554379
05-02-2021,716.17,26.3007236511011
08-02-2021,723.85,26.0160921028741
09-02-2021,717.29,26.924993140792
10-02-2021,737.35,26.6494570904652
11-02-2021,726.67,25.7765531148803
12-02-2021,750.29,25.051645385132
16-02-2021,728.54,24.6954884673619
17-02-2021,714.1,24.1115517287103
18-02-2021,718.42,24.1206031667038
19-02-2021,701.17,26.0778053648359
22-02-2021,711.67,26.2336195587076
23-02-2021,724.98,27.9067333916199
24-02-2021,733.98,27.6937876759712
25-02-2021,717.29,27.1131138140257
26-02-2021,698.92,28.2790034320447
01-03-2021,696.11,27.4351093182473
02-03-2021,718.98,27.4642909128411
03-03-2021,702.48,26.1097213821119
04-03-2021,715.42,26.6406026577117
05-03-2021,731.54,27.1684910235228
08-03-2021,733.6,26.8588807999656
09-03-2021,762.1,26.4520256396042
10-03-2021,778.79,27.9053692615623
11-03-2021,786.1,27.724708474584
12-03-2021,803.34,27.9475705003674
15-03-2021,794.72,27.5681528417144
16-03-2021,779.91,27.1163313891336
17-03-2021,805.97,26.9485873551638
18-03-2021,794.91,26.634065811798
19-03-2021,786.85,27.8021096862372
22-03-2021,803.16,27.6644764653932
23-03-2021,776.72,27.6639648328584
24-03-2021,779.91,28.5014269792301
25-03-2021,756.48,28.4343200990249
26-03-2021,782.35,28.2586509453473
29-03-2021,784.6,28.4774165357352
30-03-2021,788.35,28.2448787035749
31-03-2021,797.72,28.4926270060885
01-04-2021,796.22,28.438481076612
06-04-2021,829.4,28.6909327009324
07-04-2021,822.28,28.3313265336917
08-04-2021,815.16,28.6936963342764
09-04-2021,818.16,28.4163044621675
12-04-2021,833.9,28.1912114783967
13-04-2021,822.09,28.4930147600842
14-04-2021,821.53,28.2099251481605
15-04-2021,827.9,27.8933901575481
16-04-2021,832.78,27.4688399788043
19-04-2021,831.47,27.3820351869702
20-04-2021,841.59,28.2334728286535
21-04-2021,860.71,27.9185383408979
22-04-2021,882.84,27.6154477176218
23-04-2021,880.21,27.1834014747216
26-04-2021,884.9,26.98759628
27-04-2021,886.77,26.8785103742038
28-04-2021,895.96,26.6471358576717
29-04-2021,900.27,26.431594918065
30-04-2021,915.64,26.4843826294562
03-05-2021,926.52,27.0192925686634
04-05-2021,911.33,26.627493209448
05-05-2021,927.08,28.4887487761483
06-05-2021,936.27,28.1272125029427
07-05-2021,945.83,27.5095678489147
10-05-2021,979.01,27.2177327958312
11-05-2021,994.39,29.7347572983306
12-05-2021,1037.13,29.0131326255858
13-05-2021,1021.57,29.9195146503629
14-05-2021,1062.06,29.6365324054935
17-05-2021,1056.25,30.6352466041255
18-05-2021,994.95,30.4192561741826
19-05-2021,931.39,30.0000683130652
20-05-2021,988.01,29.9941924211327
21-05-2021,970.2,29.7272950198647
24-05-2021,989.32,29.0337405922796
25-05-2021,999.63,28.5391067792213
26-05-2021,1006.2,27.9110422890991
27-05-2021,971.89,28.074167417926
28-05-2021,956.7,27.7506121736328
01-06-2021,982.57,27.5225997146046
02-06-2021,963.64,27.5851882984215
03-06-2021,941.89,27.3492931972745
04-06-2021,936.83,27.3506423848562
07-06-2021,964.95,27.1564791431644
08-06-2021,978.07,26.5814087095217
09-06-2021,1003.2,25.5199781397074
10-06-2021,1008.26,25.3943118735619
11-06-2021,987.45,24.6817553073385
14-06-2021,991.76,24.4767053384842
15-06-2021,963.64,23.8425039962609
16-06-2021,962.51,24.0216886764266
17-06-2021,954.45,23.9272446545727
18-06-2021,973.01,23.5565597873069
21-06-2021,982.76,24.7367427927861
22-06-2021,1001.32,25.5153350412827
23-06-2021,1024.94,25.2602407463557
24-06-2021,1032.82,25.0209639324215
25-06-2021,1032.07,25.2890053398644
28-06-2021,1040.5,24.3453562940519
29-06-2021,1043.13,24.2177584232138
30-06-2021,1056.82,23.3104604290842
01-07-2021,1080.81,22.9952175460108
02-07-2021,1075.19,22.0875002458276
06-07-2021,1012.76,21.924849834287
07-07-2021,986.51,22.6958869709871
08-07-2021,981.45,21.373881844995
09-07-2021,1017.26,21.0545744380335
12-07-2021,969.45,21.2405168623424
13-07-2021,990.82,20.6206413867492
14-07-2021,1000.57,20.2025112579892
15-07-2021,993.07,19.7508034653034
16-07-2021,991.57,17.9823647444084
19-07-2021,982.57,17.8985683930711
20-07-2021,960.08,18.7450511339767
21-07-2021,977.51,19.1224124038357
22-07-2021,952.2,21.0899266628603
23-07-2021,954.08,20.7349375882453
26-07-2021,997.38,20.5851574822891
27-07-2021,991.95,20.8067940074604
28-07-2021,1009.38,20.7155131395771
29-07-2021,1013.32,21.3577062762382
30-07-2021,999.82,21.1584620872039
02-08-2021,1020.44,20.6844144066496
03-08-2021,1015.95,20.4859502775235
04-08-2021,1039.75,20.530055080637
05-08-2021,1049.5,20.9445991444044
06-08-2021,1062.25,20.577571933102
09-08-2021,1061.5,19.8356982141807
10-08-2021,1076.31,19.079549207706
11-08-2021,1083.25,19.1619077239553
12-08-2021,1054.75,18.9297405317004
13-08-2021,1038.25,18.3072934769488
16-08-2021,1090.37,18.5598037931359
17-08-2021,1072.94,18.5990975089593
18-08-2021,1071.06,18.6683366288415
19-08-2021,1003.01,18.1383440340338
20-08-2021,1019.51,18.6129591130549
23-08-2021,1037.51,17.8080332431755
24-08-2021,1061.88,18.7885453628805
25-08-2021,1060,20.2056842434797
26-08-2021,1066,20.63136864
27-08-2021,1106.12,21.1290818377071
30-08-2021,1139.12,21.8789665229211
31-08-2021,1139.12,20.58851075
01-09-2021,1127.12,20.0494781480913
02-09-2021,1153.37,19.7176833037409
03-09-2021,1149.62,19.7831016975561
07-09-2021,1162.15,20.1423058878665
08-09-2021,1170.77,19.557320123938
09-09-2021,1176.39,20.0411614686803
10-09-2021,1142.13,19.0267336713288
13-09-2021,1144.94,18.9074242853761
14-09-2021,1122.13,18.2001578386216
15-09-2021,1122.36,18.1591693802378
16-09-2021,1112.06,18.08039384
17-09-2021,1115.34,17.9351873158589
20-09-2021,1137.81,17.493985858177
21-09-2021,1128.07,18.2697618784903
22-09-2021,1136.31,17.7989894128272
23-09-2021,1135.25,17.4618025023513
24-09-2021,1180.17,18.1113239098376
27-09-2021,1206.93,18.0246459152845
28-09-2021,1161.2,18.8215947318685
29-09-2021,1179.36,20.2911935332382
30-09-2021,1158.14,20.215501200211
01-10-2021,1163.7,19.9486868442741
04-10-2021,1189.21,19.7899063274588
05-10-2021,1214.05,18.6858001747145
06-10-2021,1109.44,18.6112122277236
07-10-2021,1132.66,18.6813489573855
08-10-2021,1094.43,19.3053874241106
11-10-2021,1109.76,19.0583423122491
12-10-2021,1105.46,18.4989876091055
13-10-2021,1107.79,18.5884912922041
14-10-2021,1151.79,20.0030971577271
15-10-2021,1114.42,19.9948698437013
18-10-2021,1098.08,19.1932439614277
19-10-2021,1023.28,19.1972792877364
20-10-2021,1083.5,19.4468983874311
21-10-2021,1087.59,18.4355103453437
22-10-2021,1092.76,18.0360701048361
25-10-2021,1106.08,17.741794824091
26-10-2021,1121.27,17.6412206737908
27-10-2021,1123.2,17.1809470372412
28-10-2021,1098.36,16.9657972300892
29-10-2021,1100.97,17.4210512667371
01-11-2021,1067.67,17.1917569663002
02-11-2021,1114.47,17.5163790492939
03-11-2021,1121.19,17.9340661224901
04-11-2021,1121.8,18.1259730794323
05-11-2021,1113.31,17.177180322134
08-11-2021,1136.31,16.5997105364574
09-11-2021,1132.35,16.6966496329779
10-11-2021,1183.35,14.302711598422
11-11-2021,1193.43,14.1281716558483
12-11-2021,1185.25,14.0608508000389
15-11-2021,1234.53,14.0626493384675
16-11-2021,1264.57,14.762431445023
17-11-2021,1257.47,14.6684645186155
18-11-2021,1293.47,14.3648837630037
19-11-2021,1298.5,14.4392384691883
22-11-2021,1309.13,14.207465962852
23-11-2021,1295.52,14.1609209923426
24-11-2021,1365.24,14.2844105469725
26-11-2021,1363.19,14.3935273558851
29-11-2021,1389.66,16.7601194523823
30-11-2021,1411.85,16.5355632305928
01-12-2021,1439.25,16.7749949042527
02-12-2021,1496.12,16.9313565589591
03-12-2021,1466.1,16.6067966450317
06-12-2021,1522.22,17.3562535951485
07-12-2021,1591.01,17.4252913564363
08-12-2021,1666.89,18.8049338075428
09-12-2021,1507.86,18.3610158965281
10-12-2021,1572.93,18.4841131145849
13-12-2021,1542.17,18.344033146573
14-12-2021,1493.69,18.1151392129375
15-12-2021,1513.64,18.761232557103
16-12-2021,1597.91,18.4811252213214
17-12-2021,1379.97,17.7086511480787
20-12-2021,1493.13,17.9848357533118
21-12-2021,1508.98,19.6923337143754
22-12-2021,1432.36,20.2212405872078
23-12-2021,1388.17,19.7168782988074
27-12-2021,1434.03,19.4270219716035
28-12-2021,1478.22,18.5326667388348
29-12-2021,1498.17,18.1826008054575
30-12-2021,1494.44,18.095955264194
31-12-2021,1503.57,18.2923827744479
03-01-2022,1566.22,18.0402716840896
04-01-2022,1582.99,17.8604368957392
05-01-2022,1632.77,17.9679899255585
06-01-2022,1617.11,19.3216715165663
07-01-2022,1592.5,19.7304504210644
10-01-2022,1493.13,19.6753666315795
11-01-2022,1515.69,19.8955745212855
12-01-2022,1491.64,20.5263109053642
13-01-2022,1501.9,20.03984574
14-01-2022,1530.23,20.0166482664302
18-01-2022,1541.23,19.9864315619523
19-01-2022,1530.42,20.2958321110529
20-01-2022,1595.67,20.0449841536625
21-01-2022,1574.79,19.3871141021736
24-01-2022,1566.4,21.516628596169
25-01-2022,1630.35,20.9847555730313
26-01-2022,1652.91,21.6597494908257
27-01-2022,1673.41,19.9849165100429
28-01-2022,1663.35,20.0424692181475
31-01-2022,1663.72,19.5613003794482
01-02-2022,1668.94,21.1306673274541
02-02-2022,1756.38,20.9995315903002
03-02-2022,1767.56,20.5578309313403
04-02-2022,1798.14,20.6421242283843
07-02-2022,1802.8,20.0740364460514
08-02-2022,1807.09,19.8046635963901
09-02-2022,1692.62,19.674792485574
10-02-2022,1692.43,20.2311694714642
11-02-2022,1731.39,20.3174816933711
14-02-2022,1710.7,19.7089559927543
15-02-2022,1699.14,19.3950624863675
16-02-2022,1675.28,21.912436722157
17-02-2022,1611.52,21.6452201001398
18-02-2022,1668.01,21.566541988471
22-02-2022,1673.6,21.7796714327122
23-02-2022,1772.41,21.7487045044824
24-02-2022,1622.52,21.5200743302086
25-02-2022,1643.21,22.8603979889407
28-02-2022,1532.66,23.6995132748502
01-03-2022,1283.58,26.2032058961799
02-03-2022,1276.87,26.0741111148551
03-03-2022,1255.62,25.9620290698299
04-03-2022,1213.67,24.6587571770955
07-03-2022,1086.9,24.6192160214634
08-03-2022,1277.25,23.8275975056136
09-03-2022,1364.31,25.307262841944
10-03-2022,1424.53,24.4204561760295
11-03-2022,1431.05,23.2036927558785
14-03-2022,1459.39,22.8389109040801
15-03-2022,1443.54,24.0320358197568
16-03-2022,1457.15,23.7173474949531
17-03-2022,1489.41,23.9870418140368
18-03-2022,1470.76,24.2095681949979
21-03-2022,1461.44,24.111760010851
22-03-2022,1503.95,24.0420286690167
23-03-2022,1428.07,23.8173709193898
24-03-2022,1458.64,23.6622725101314
25-03-2022,1465.36,23.2686986269899
28-03-2022,1506.56,23.3467872968829
29-03-2022,1523.15,23.3714940523936
30-03-2022,1459.95,23.225859547474
31-03-2022,1425.83,22.9338787762059
01-04-2022,1463.3,22.6670973051059
04-04-2022,1463.49,22.5875696095296
05-04-2022,1455.1,21.9928300468663
06-04-2022,1438.88,21.7691413061262
07-04-2022,1490.34,22.5576771831595
08-04-2022,1493.13,21.984402381209
11-04-2022,1453.24,21.4987483241258
12-04-2022,1473,21.5883877373839
13-04-2022,1443.73,21.686421931494
14-04-2022,1490.9,20.9696063883606
19-04-2022,1495.18,20.6396957909674
20-04-2022,1637.25,20.4407586338834
21-04-2022,1611.52,19.9339447497354
22-04-2022,1659.06,22.6018417330305
25-04-2022,1555.96,23.5432578597316
26-04-2022,1541.98,24.8421738674043
27-04-2022,1510.29,24.6236843122124
28-04-2022,1541.42,24.3599264441598
29-04-2022,1574.42,24.6176872700818
02-05-2022,1548.13,22.9887541213438
03-05-2022,1644.14,22.9575410763024
04-05-2022,1646.38,22.8225391178286
05-05-2022,1657.57,22.7676578681749
06-05-2022,1706.6,23.2357749947642
09-05-2022,1622.33,24.1021409019518
10-05-2022,1628.3,25.143519883555
11-05-2022,1656.08,25.0969963818842
12-05-2022,1645.45,24.9939346075114
13-05-2022,1649.55,24.7005356774981
16-05-2022,1669.68,25.7687965932827
17-05-2022,1709.95,25.2564093453014
18-05-2022,1577.96,25.8130612877985
19-05-2022,1550.74,25.3963830399976
20-05-2022,1498.73,25.4714182628986
23-05-2022,1456.97,24.9685772207867
24-05-2022,1516.06,24.9613983681166
25-05-2022,1517.56,24.5102800215734
26-05-2022,1580.2,24.4201540710114
27-05-2022,1569.76,25.0002380655314
31-05-2022,1566.4,25.7062784136497
01-06-2022,1604.81,25.1828432112736
02-06-2022,1609.65,25.0242419332421
03-06-2022,1619.53,25.3555507730757
06-06-2022,1518.12,24.829699880682
07-06-2022,1515.88,23.7670627528514
08-06-2022,1487.91,22.8201237890181
09-06-2022,1510.29,22.455005360423
10-06-2022,1526.13,22.4446238889436
13-06-2022,1520.17,23.1376666986033
14-06-2022,1568.83,24.8053953678933
15-06-2022,1607.04,25.0185301240625
16-06-2022,1547.39,24.8483983851021
17-06-2022,1535.64,24.8785876846629
21-06-2022,1579.64,24.5371683276599
22-06-2022,1526.5,24.7826190192924
23-06-2022,1568.45,24.7803066442954
24-06-2022,1555.4,24.279370556131
27-06-2022,1585.6,24.5131597505041
28-06-2022,1629.42,24.5335023330057
29-06-2022,1647.13,24.185616687386
30-06-2022,1680.87,25.129338342153
01-07-2022,1595.48,24.8556027443285
05-07-2022,1550.93,23.3705990526623
06-07-2022,1551.49,23.4099171623642
07-07-2022,1583.18,23.2654246558808
08-07-2022,1543.47,23.9266744838998
11-07-2022,1572.74,23.7238416283231
12-07-2022,1596.79,24.4081537195633
13-07-2022,1563.42,24.9015937066352
14-07-2022,1565.47,24.7323080329528
15-07-2022,1591.76,24.7907266981059
18-07-2022,1583.55,24.1879670734362
19-07-2022,1559.5,24.2321171459218
20-07-2022,1469.83,24.2937458794527
21-07-2022,1456.22,23.9943757071249
22-07-2022,1422.48,23.7268766876867
25-07-2022,1423.78,23.6284646414285
26-07-2022,1429.56,23.4275896778263
27-07-2022,1419.49,23.51862983
28-07-2022,1472.07,25.0887218869767
29-07-2022,1464.42,26.2779082361279
01-08-2022,1502.27,26.1258702555285
02-08-2022,1527.81,25.7740935422937
03-08-2022,1565.84,25.2367248259085
04-08-2022,1569.57,25.0951092587903
05-08-2022,1580.2,24.6849966668737
08-08-2022,1562.49,24.7381763745259
09-08-2022,1602.01,23.9263707805995
10-08-2022,1601.82,24.0961508868993
11-08-2022,1632.21,26.2212290126798
12-08-2022,1656.82,25.5750030957546
15-08-2022,1692.43,25.3898245834325
16-08-2022,1716.67,25.2181355945149
17-08-2022,1786.02,25.260185512498
18-08-2022,1790.49,24.9603992841031
19-08-2022,1827.22,24.5224119947332
22-08-2022,1718.34,25.4439987971929
23-08-2022,1664.65,25.7596009511254
24-08-2022,1663.72,25.7362781784059
25-08-2022,1665.02,25.6274565656179
26-08-2022,1683.67,25.6145772541794
29-08-2022,1615.62,25.8856153710722
30-08-2022,1506.56,25.8562581784862
31-08-2022,1492.02,25.9457466382533
01-09-2022,1506.18,25.8666488129835
02-09-2022,1452.14,26.4941737148722
06-09-2022,1302.98,26.5360198959807
07-09-2022,1287.13,25.8364194501518
08-09-2022,1253.4,26.2894677558571
09-09-2022,1231.86,26.1673476825188
12-09-2022,1338.34,26.3052817222794
13-09-2022,1300.01,26.2623775304008
14-09-2022,1352.03,26.951758984279
15-09-2022,1339.39,26.8255192696232
16-09-2022,1366.01,27.268628511338
19-09-2022,1326.3,27.1719566846337
20-09-2022,1327.09,26.8917456792157
21-09-2022,1302.22,26.333449825064
22-09-2022,1314.36,26.3210215442122
23-09-2022,1228.18,26.0093084628954
26-09-2022,1312.28,27.648816297311
27-09-2022,1268.66,28.089461311999
28-09-2022,1216.47,27.5854181549516
29-09-2022,1227.32,27.3106339370617
30-09-2022,1245.54,27.951311753598
03-10-2022,1230.59,27.4076779335714
04-10-2022,1247.71,29.4261928413787
05-10-2022,1250.27,30.0200550856352
06-10-2022,1284.89,30.5293176573072
07-10-2022,1302.04,30.1772154926849
10-10-2022,1244.96,29.5852684053355
11-10-2022,1237.01,29.5886611646125
12-10-2022,1243.08,29.2853863199929
13-10-2022,1281.82,29.0370787727072
14-10-2022,1267.04,29.0291182836583
17-10-2022,1257.83,28.6331679813005
18-10-2022,1263.3,28.3438603129236
19-10-2022,1255.74,28.3102962663994
20-10-2022,1248.76,27.8366714366308
21-10-2022,1282.63,27.6066425558333
24-10-2022,1348.03,27.378563955749
25-10-2022,1434.8,26.8488985089456
26-10-2022,1410.82,25.9912842041564
27-10-2022,1491.95,25.8875428239722
28-10-2022,1510.6,25.7481684720655
31-10-2022,1488.55,25.2235378918784
01-11-2022,1429.39,24.6769334406203
02-11-2022,1429.77,24.8707752213055
03-11-2022,1422.79,24.4205703527315
04-11-2022,1426.08,23.8506532860371
07-11-2022,1447.61,25.2290681941068
08-11-2022,1421.2,24.6461073158495
09-11-2022,1360,23.9417660190044
10-11-2022,1364.79,24.82268335
11-11-2022,1414.5,26.7409429300818
14-11-2022,1404.13,27.2701344822884
15-11-2022,1430.32,26.9964557356248
16-11-2022,1371.9,27.0742936042817
17-11-2022,1353.41,27.3260604683955
18-11-2022,1353.99,27.4028169234663
21-11-2022,1392.54,26.9059578160189
22-11-2022,1379.46,26.8968277318411
23-11-2022,1414.57,26.859001987172
25-11-2022,1468.5,26.8339016378489
28-11-2022,1469.03,26.2311229777521
29-11-2022,1512.92,26.5567690714948
30-11-2022,1579.57,26.3353818568038
01-12-2022,1588.88,26.9907046026212
02-12-2022,1632.6,26.8158099895401
05-12-2022,1627.4,26.6717045568959
06-12-2022,1635.82,26.8209411980027
07-12-2022,1642.81,27.1826025613791
08-12-2022,1653.02,27.2235355557366
09-12-2022,1637.97,27.1308850344232
12-12-2022,1679.89,26.7920439562721
13-12-2022,1652.66,25.9769174765391
14-12-2022,1615.4,25.6992465602294
15-12-2022,1596.77,25.2659485580786
16-12-2022,1565.95,25.6682594760691
19-12-2022,1564.52,25.5024457249133
20-12-2022,1616.29,24.9898299214227
21-12-2022,1574.73,24.620162227495
22-12-2022,1599.28,24.9042796403889
23-12-2022,1601.07,24.8923486624724
27-12-2022,1581.9,24.8697251817812
28-12-2022,1541.59,24.514620995798
29-12-2022,1512.03,24.0792499621041
30-12-2022,1504.33,24.1129749200496
03-01-2023,1497.16,23.7124318919368
04-01-2023,1393.43,23.8659470345046
05-01-2023,1412.24,22.9292964724767
06-01-2023,1386.44,22.7150216078058
09-01-2023,1459.18,23.8132445816357
10-01-2023,1442.88,24.030626858651
11-01-2023,1415.29,23.9727889775734
12-01-2023,1437.5,24.1497431650316
13-01-2023,1430.69,24.4883510069315
17-01-2023,1425.32,24.1146142046693
18-01-2023,1491.61,23.7644745528673
19-01-2023,1503.07,23.6631063671227
20-01-2023,1524.21,25.1933907428816
23-01-2023,1526.18,24.6433111426091
24-01-2023,1463.12,24.4593914285793
25-01-2023,1509.52,24.1286725802243
26-01-2023,1600.89,23.8687634567718
27-01-2023,1598.56,23.5915516520895
30-01-2023,1605.37,23.3281225527705
31-01-2023,1666.28,23.708680413173
01-02-2023,1709.99,24.7365145680629
02-02-2023,1666.28,24.354307952473
03-02-2023,1671.29,24.1969523900556
06-02-2023,1628.12,25.4767413547829
07-02-2023,1617.55,25.7437324466389
08-02-2023,1617.37,25.6481598216435
09-02-2023,1629.55,25.2286208506755
10-02-2023,1666.64,25.0708782190105
13-02-2023,1652.12,24.926478757157
14-02-2023,1649.08,24.8829956048893
15-02-2023,1690.64,24.3064298173038
16-02-2023,1747.43,24.2915355572616
17-02-2023,1724.32,24.3275788445489
21-02-2023,1797.59,24.4813098778481
22-02-2023,1733.64,24.3746758523682
23-02-2023,1748.15,24.4628607956882
24-02-2023,1744.75,24.543802037442
27-02-2023,1795.62,24.2766503162728
28-02-2023,1787.92,24.2898594611536
01-03-2023,1736.33,24.2151118244126
02-03-2023,1672.91,22.8749363699397
03-03-2023,1651.41,22.805831262521
06-03-2023,1665.74,22.6447468527548
07-03-2023,1714.29,22.9369967642466
08-03-2023,1752.99,23.208324922138
09-03-2023,1763.2,22.6069484028319
10-03-2023,1787.92,22.706310402175
13-03-2023,1740.09,23.1562329239248
14-03-2023,1660.37,23.019560454596
15-03-2023,1598.02,22.7906688620429
16-03-2023,1559.86,24.1297071864488
17-03-2023,1563.8,24.0650715928239
20-03-2023,1573.48,24.6127708244441
21-03-2023,1607.52,24.2920766807293
22-03-2023,1606.44,24.1157214345946
23-03-2023,1658.57,24.1639021744292
24-03-2023,1570.25,23.9328468587979
27-03-2023,1565.95,23.9453754592496
28-03-2023,1600.17,24.078352463812
29-03-2023,1617.55,23.517086229524
30-03-2023,1629.55,24.0944056284891
31-03-2023,1646.93,24.7153937320715
03-04-2023,1715.36,24.4623136108945
04-04-2023,1701.21,24.9689802738609
05-04-2023,1731.13,25.0224615107514
06-04-2023,1731.67,25.3139379990716
11-04-2023,1745.64,25.0745429291519
12-04-2023,1718.41,25.2874566462106
13-04-2023,1692.07,25.5371727820918
14-04-2023,1681.15,25.4257493145917
17-04-2023,1666.81,25.2560395370266
18-04-2023,1707.48,25.2849168021445
19-04-2023,1692.07,24.8049486968028
20-04-2023,1647.47,24.6412987960077
21-04-2023,1607.34,24.4586281911582
24-04-2023,1583.51,24.2056187717171
25-04-2023,1558.43,23.9287342528045
26-04-2023,1534.24,24.5836491912788
27-04-2023,1541.59,25.5398414588901
28-04-2023,1564.7,25.497053131625
01-05-2023,1539.08,25.467236665829
02-05-2023,1583.87,25.0640403053408
03-05-2023,1522.78,25.9214823269894
04-05-2023,1516.87,25.4678547386433
05-05-2023,1522.06,25.017577038238
08-05-2023,1530.12,26.1803147758043
09-05-2023,1554.49,26.0425469493424
10-05-2023,1603.22,25.716875888044
11-05-2023,1583.33,24.9964757078874
12-05-2023,1585.12,24.0396485499129
15-05-2023,1558.07,23.7257361271797
16-05-2023,1587.09,23.6258735841443
17-05-2023,1579.21,23.595741934166
18-05-2023,1609.67,23.9557436505558
19-05-2023,1610.2,23.9832480444616
22-05-2023,1572.22,23.9835207606737
23-05-2023,1531.74,24.15248413
24-05-2023,1525.47,24.1770001377186
25-05-2023,1486.77,24.1918187075171
26-05-2023,1474.41,25.2257718225503
30-05-2023,1442.52,24.2999767284056
31-05-2023,1451.48,23.6810089963689
01-06-2023,1410.27,23.925121567181
02-06-2023,1415.11,24.4791096021661
05-06-2023,1477.63,23.4667485586831
06-06-2023,1463.12,23.1620558843388
07-06-2023,1496.62,22.0184853646674
08-06-2023,1504.68,21.8435192633917
09-06-2023,1554.85,21.4353210473483
12-06-2023,1573.3,20.7844747988113
13-06-2023,1610.56,21.1361568442493
14-06-2023,1671.83,20.6319283588521
15-06-2023,1670.76,20.2217812375037
16-06-2023,1654.45,19.8815982714349
20-06-2023,1699.24,19.4982467277219
21-06-2023,1622.21,19.5401497585519
22-06-2023,1615.04,19.6483768298976
23-06-2023,1574.37,20.0502022013658
26-06-2023,1545.17,20.628283267292
27-06-2023,1591.75,20.453065807859
28-06-2023,1571.51,20.5054220253772
29-06-2023,1574.55,19.7530922108013
30-06-2023,1595.87,19.5106316641703
03-07-2023,1564.34,19.5532979123874
05-07-2023,1537.29,19.0646909506762
06-07-2023,1539.98,19.178488386569
07-07-2023,1543.56,20.4531385804788
10-07-2023,1546.07,21.7501646921655
11-07-2023,1553.95,21.7297020710323
12-07-2023,1537.29,21.4437110074984
13-07-2023,1537.83,22.0299688284106
14-07-2023,1541.41,22.7163517473016
17-07-2023,1549.47,23.0190244113114
18-07-2023,1564.88,23.5487649661367
19-07-2023,1597.66,23.4703617960091
20-07-2023,1621.67,22.8514305540107
21-07-2023,1637.97,23.1621310921827
24-07-2023,1632.24,22.9894979687267
25-07-2023,1646.93,23.1114090906827
26-07-2023,1627.4,22.6785042601778
27-07-2023,1631.34,22.2756082303018
28-07-2023,1588.71,20.9017797764555
31-07-2023,1552.7,20.6274562275926
01-08-2023,1524.57,20.1405554482376
02-08-2023,1495.01,20.3135523208987
03-08-2023,1518.66,22.8602079609202
04-08-2023,1498.59,22.0569869750107
07-08-2023,1481.21,21.6602667842768
08-08-2023,1510.95,20.7313039426259
09-08-2023,1503.97,20.6376933329789
10-08-2023,1520.99,20.6040024444897
11-08-2023,1553.77,19.8448162830074
14-08-2023,1571.69,19.8243726060946
15-08-2023,1560.94,19.4681330424811
16-08-2023,1584.76,20.7247995059384
17-08-2023,1591.57,21.2582048006784
18-08-2023,1576.7,21.1227551016685
21-08-2023,1574.37,21.0101699766098
22-08-2023,1610.02,20.776555438221
23-08-2023,1580.46,20.5655950512294
24-08-2023,1537.83,20.3969588962606
25-08-2023,1529.76,20.7164568461087
28-08-2023,1534.96,20.6392834105676
29-08-2023,1518.66,20.7644106611479
30-08-2023,1544.99,22.3881826469163
31-08-2023,1536.39,21.8366349179477
01-09-2023,1527.61,20.2312856566805
05-09-2023,1502.14,20.3790451899427
06-09-2023,1498.92,20.1794553069593
07-09-2023,1485.68,20.451246440268
08-09-2023,1460.54,20.0213525683917
11-09-2023,1462.9,19.9209181468031
12-09-2023,1452.76,19.6834447317001
13-09-2023,1487.26,19.5956629466873
14-09-2023,1489.35,19.5461210597061
15-09-2023,1474.99,21.4230300810844
18-09-2023,1449,21.6633641461497
19-09-2023,1455.72,21.4971955401812
20-09-2023,1483.68,21.2836722565067
21-09-2023,1507.53,21.3057446646179
22-09-2023,1531.21,22.4700679099889
25-09-2023,1527.51,22.4703233611617
26-09-2023,1485.68,22.4708721762592
27-09-2023,1474.34,22.8386670907758
28-09-2023,1481.86,21.9206882824301
29-09-2023,1463.47,21.6880799212247
02-10-2023,1447.9,21.5050808904033
03-10-2023,1427.34,24.2708739480117
04-10-2023,1463.33,25.3335337328808
05-10-2023,1442.61,25.4506542106829
06-10-2023,1441.58,25.70942665
09-10-2023,1464.43,25.6637849567734
10-10-2023,1518.45,25.1862614367938
11-10-2023,1506.11,27.1939744352987
12-10-2023,1525.69,27.1995705507344
13-10-2023,1538.54,26.9781386938724
16-10-2023,1492.52,27.4950720026767
17-10-2023,1478.58,27.3102479981418
18-10-2023,1466.57,27.2732348267607
19-10-2023,1464.73,28.1549573496554
20-10-2023,1458.21,28.1781094460049
23-10-2023,1441.85,28.2419114368687
24-10-2023,1443.24,27.5182922058529
25-10-2023,1431.34,26.9377429630518
26-10-2023,1426.99,27.1856284836227
27-10-2023,1421.67,26.9325051398808
30-10-2023,1410.74,27.5848320983763
31-10-2023,1416.13,27.5069249929459
01-11-2023,1407.28,27.4248810198478
02-11-2023,1408.14,25.8049005379323
03-11-2023,1391.11,27.3881523756812
06-11-2023,1358.6,28.0262150787082
07-11-2023,1347.9,27.9474958947618
08-11-2023,1355.66,27.5086440143745
09-11-2023,1384.89,27.131596090619
10-11-2023,1407.76,26.7871774806398
13-11-2023,1385.33,23.8925050226448
14-11-2023,1406.13,23.3794890417021
15-11-2023,1426.09,27.3744729886852
16-11-2023,1377.88,27.3458557043434
17-11-2023,1369.53,27.1649576908925
20-11-2023,1370.23,26.8923893414974
21-11-2023,1348.03,27.0600056373335
22-11-2023,1344.79,27.3818070168226
24-11-2023,1369.54,27.0980297741198
27-11-2023,1316.79,26.9670682600182
28-11-2023,1304.84,26.7096541513265
29-11-2023,1269.67,26.4810332008019
30-11-2023,1263.7,26.4827279347361
01-12-2023,1292.55,26.1842051734124
04-12-2023,1254.14,27.1195441503927
05-12-2023,1222.04,26.595991586801
06-12-2023,1225.11,27.1358817553983
07-12-2023,1240.82,26.2634669962721
08-12-2023,1223.92,25.8621947743193
11-12-2023,1199.67,25.7045760630407
12-12-2023,1215.21,24.3384061787442
13-12-2023,1229.04,24.567941582055
14-12-2023,1188.92,25.8594464292723
15-12-2023,1181.75,29.3663793592798
18-12-2023,1229.21,29.0259840681929
19-12-2023,1224.6,28.9043637279356
20-12-2023,1289.48,29.2819927892428
21-12-2023,1329.6,28.8117632175724
22-12-2023,1347.01,28.984211241972
26-12-2023,1347.01,28.7991781446187
27-12-2023,1365.62,29.1119452460938
28-12-2023,1369.2,28.7434506826808
29-12-2023,1372.11,28.6678400094691
02-01-2024,1296.82,28.8210859676387
03-01-2024,1320.55,28.5305311098783
04-01-2024,1294.43,28.5827392147471
05-01-2024,1303.47,28.4634497336957
08-01-2024,1236.38,28.2610119583488
09-01-2024,1228.19,27.8925025541909
10-01-2024,1194.89,27.9233215691247
11-01-2024,1159.55,27.9106641925477
12-01-2024,1123.53,27.687286842305
16-01-2024,1119.78,27.3209424049546
17-01-2024,1078.12,28.7880704054584
18-01-2024,1075.73,29.1622506278152
19-01-2024,1086.66,28.9358735493299
22-01-2024,1059.17,27.9260274467074
23-01-2024,1076.41,27.5628732757795
24-01-2024,1123.7,26.5404419247745
25-01-2024,1079.14,26.1844917466486
26-01-2024,1085.46,25.7013494891628
29-01-2024,1054.73,25.2812218526706
30-01-2024,1084.27,25.2533443512462
31-01-2024,1095.36,25.4059683487228
01-02-2024,1061.73,24.3984640410809
02-02-2024,1082.39,24.7900594562441
05-02-2024,1069.92,25.0459247202454
06-02-2024,1085.46,25.0883502125852
07-02-2024,1065.49,25.0778681862836
08-02-2024,1037.66,24.582240952898
09-02-2024,1003.68,23.7577735945876
12-02-2024,971.25,23.6155489847418
13-02-2024,963.39,24.0801259991738
14-02-2024,966.81,25.5651849803417
15-02-2024,988.66,25.5793747508273
16-02-2024,976.03,25.5410297644263
20-02-2024,927.2,24.7872399739355
21-02-2024,931.3,25.1852469265226
22-02-2024,901.42,24.7731234046001
23-02-2024,891.52,24.7374509574774
26-02-2024,921.4,25.146785915842
27-02-2024,950.59,24.9899289176302
28-02-2024,987.47,25.4166031365482
29-02-2024,956.05,25.581045716405
01-03-2024,962.37,25.0772085284258
04-03-2024,973.64,25.2100632410625
05-03-2024,1033.56,25.2955289797862
06-03-2024,1011.2,25.503945531053
07-03-2024,1010,25.5849819011415
08-03-2024,996.86,25.3242225769295
11-03-2024,959.64,24.7833655131192
12-03-2024,964.76,24.9851100216705
13-03-2024,956.73,24.7591668347881
14-03-2024,997.88,24.0534926609091
15-03-2024,1013.93,23.9538097097393
18-03-2024,1048.76,23.7268579884303
19-03-2024,1038.68,23.2325561131653
20-03-2024,1034.93,22.9547483047634
21-03-2024,1008.46,22.9401603102469
22-03-2024,1050.12,23.0174282837609
25-03-2024,1109.7,22.7325173883177
26-03-2024,1063.27,22.4683653623145
27-03-2024,1065.83,22.2186372089028
28-03-2024,1055.07,23.0053814295094
02-04-2024,1002.49,22.0870435102803
03-04-2024,980.12,22.7661481927682
04-04-2024,998.73,22.9047025985261
05-04-2024,1034.24,22.6210273299031
08-04-2024,1084.27,22.4063692259624
09-04-2024,1093.83,22.608654831774
10-04-2024,1073.34,23.5834191859115
11-04-2024,1161.43,24.9854120810891
12-04-2024,1221.53,24.4767725983399
15-04-2024,1204.45,25.2701359526096
16-04-2024,1256.87,26.3896861178911
17-04-2024,1194.72,26.3040704143462
18-04-2024,1221.19,25.7180142783622
19-04-2024,1174.75,25.1277055379692
22-04-2024,1132.41,24.8102929179792
23-04-2024,1121.14,24.2933381552602
24-04-2024,1134.8,24.5865707227321
25-04-2024,1167.58,24.3488241554649
26-04-2024,1142.48,24.3761213339809
29-04-2024,1118.07,24.6303084495356
30-04-2024,1169.8,24.8418722777365
01-05-2024,1157.85,24.9049958687186
02-05-2024,1237.92,25.3330799739843
03-05-2024,1229.38,25.2909797378052
06-05-2024,1249.7,25.9440734802598
07-05-2024,1211.8,25.3753460457298
08-05-2024,1223.92,24.732292899287
09-05-2024,1250.72,24.5204629716975
10-05-2024,1227.67,24.1074712918907
13-05-2024,1191.82,23.0166638837603
14-05-2024,1198.82,22.5434992037262
15-05-2024,1185.85,23.3560033436883
16-05-2024,1196.77,23.1102345130288
17-05-2024,1206.85,22.9423057545178
20-05-2024,1267.11,22.6126181618989
21-05-2024,1301.77,22.288935964596
22-05-2024,1301.08,22.3152424237152
23-05-2024,1294.26,22.7503355181563
24-05-2024,1290.84,23.0079831860769
28-05-2024,1273.26,23.0489495057551
29-05-2024,1260.96,22.9594708632048
30-05-2024,1288.62,23.646120652904
31-05-2024,1265.06,23.8106787123333
03-06-2024,1273.09,23.8380963959536
04-06-2024,1234.84,23.7525073586638
05-06-2024,1226.14,24.5674572368657
06-06-2024,1230.92,23.9791071903189
07-06-2024,1218.8,23.8578190195883
