Date,TCI
14-10-2010,19.4270330065575
15-10-2010,19.4199039661566
18-10-2010,19.6303024459391
19-10-2010,19.3392072505509
20-10-2010,22.1234104666385
21-10-2010,22.4128255170139
22-10-2010,22.2118675912395
25-10-2010,21.9715855259317
26-10-2010,22.1271255174459
27-10-2010,21.7177067592137
28-10-2010,21.6440667293278
29-10-2010,21.6366356138626
01-11-2010,21.3859143853901
02-11-2010,20.78920779
03-11-2010,21.1307521510381
04-11-2010,21.1554375076316
05-11-2010,22.0959183148853
08-11-2010,21.8795966912093
09-11-2010,21.2295717615492
10-11-2010,21.4959815502477
11-11-2010,21.1366975539506
12-11-2010,21.0032019184066
15-11-2010,23.2105672396916
16-11-2010,22.9438537127891
17-11-2010,25.1951862138074
18-11-2010,24.6967130797687
19-11-2010,25.0899887720143
22-11-2010,24.827576633519
23-11-2010,24.6389334656108
24-11-2010,25.3500149332792
26-11-2010,25.5754828567457
29-11-2010,25.4649285403175
30-11-2010,25.0674537557258
01-12-2010,24.1778186940261
02-12-2010,24.7514722430785
03-12-2010,25.1382703264475
06-12-2010,25.284507123183
07-12-2010,25.2237627509183
08-12-2010,25.0447034563141
09-12-2010,24.5201301835191
10-12-2010,24.1435669564786
13-12-2010,23.9060600746188
14-12-2010,23.5245815832294
15-12-2010,23.3687583721157
16-12-2010,23.3737783523761
17-12-2010,23.232371422211
20-12-2010,22.9155369087028
21-12-2010,22.6193172611866
22-12-2010,22.8359501206291
23-12-2010,22.4466193783978
27-12-2010,22.6389885480054
28-12-2010,22.3729684246529
29-12-2010,22.0283684992527
30-12-2010,21.796287934625
31-12-2010,21.684708177802
03-01-2011,21.216266217437
04-01-2011,21.3054858237837
05-01-2011,20.9736842735616
06-01-2011,20.0433009535206
07-01-2011,20.429966722858
10-01-2011,20.1944889481644
11-01-2011,19.1667521810578
12-01-2011,19.0364034198294
13-01-2011,21.3408895952093
14-01-2011,21.1782720082987
18-01-2011,20.5284529847775
19-01-2011,19.349347568986
20-01-2011,19.1612713993071
21-01-2011,20.5557590243021
24-01-2011,19.8327059926413
25-01-2011,19.842825293527
26-01-2011,19.9353774863626
27-01-2011,19.7926134002245
28-01-2011,19.4994777669697
31-01-2011,19.5592838185724
01-02-2011,18.7264906855274
02-02-2011,19.2337010002909
03-02-2011,19.6278026770538
04-02-2011,19.794265113096
07-02-2011,19.6461276875412
08-02-2011,19.7311965130459
09-02-2011,19.099123242547
10-02-2011,19.117967040348
11-02-2011,19.4800687523376
14-02-2011,19.2302175074443
15-02-2011,19.3810719327911
16-02-2011,19.4485792788417
17-02-2011,19.6051160746978
18-02-2011,19.4275771518213
22-02-2011,19.3329770601989
23-02-2011,21.4327745120289
24-02-2011,22.4786856974322
25-02-2011,21.8485307032347
28-02-2011,21.9970729971366
01-03-2011,20.7301484834501
02-03-2011,20.6244699097299
03-03-2011,20.4885783081667
04-03-2011,20.3741236653902
07-03-2011,19.9748110362528
08-03-2011,20.066061860064
09-03-2011,19.8748288626614
10-03-2011,19.3118841108311
11-03-2011,20.2168070766838
14-03-2011,20.2746408665203
15-03-2011,20.3771529188867
16-03-2011,21.0608988843779
17-03-2011,20.9771668582518
18-03-2011,20.217512655488
21-03-2011,19.9309603286533
22-03-2011,19.9344853509699
23-03-2011,19.9324026676309
24-03-2011,19.7807601768595
25-03-2011,19.7337699417769
28-03-2011,19.7514883021178
29-03-2011,19.8858758763563
30-03-2011,18.8926884520328
31-03-2011,18.8613501712005
01-04-2011,19.0751689717839
04-04-2011,19.7546863355228
05-04-2011,19.3493472241192
06-04-2011,18.8436492161858
07-04-2011,18.1680515170194
08-04-2011,18.1619276538591
11-04-2011,17.6335284923195
12-04-2011,17.6207796288405
13-04-2011,19.0984795268481
14-04-2011,19.0897225002556
15-04-2011,19.1217347694901
18-04-2011,19.1419167491954
19-04-2011,21.3414032004649
20-04-2011,21.2138939722409
21-04-2011,21.893360396372
25-04-2011,21.8020789181828
26-04-2011,21.7460456507467
27-04-2011,21.8302745885852
28-04-2011,21.2227530509615
29-04-2011,20.9417745781226
02-05-2011,20.3177836564456
03-05-2011,20.3310051912484
04-05-2011,21.8189945422346
05-05-2011,23.4339332070511
06-05-2011,25.0019362270655
09-05-2011,24.0873469621842
10-05-2011,23.8226798653439
11-05-2011,23.7684821325852
12-05-2011,24.5311699097352
13-05-2011,24.3567333174024
16-05-2011,24.038535899962
17-05-2011,24.1168903134835
18-05-2011,24.3739994059329
19-05-2011,23.6834080419627
20-05-2011,23.0317418191471
23-05-2011,22.7969305564842
24-05-2011,24.1068030470067
25-05-2011,23.5530821667656
26-05-2011,22.9983900021014
27-05-2011,22.9677953716459
31-05-2011,23.2304609081314
01-06-2011,27.3481925924374
02-06-2011,28.1423333024095
03-06-2011,27.6283431361646
06-06-2011,27.3833743701939
07-06-2011,27.4324884381768
08-06-2011,27.127912601449
09-06-2011,27.5064345244596
10-06-2011,27.4227465504071
13-06-2011,28.0596267540483
14-06-2011,27.7006725655369
15-06-2011,27.4662064458419
16-06-2011,28.4542898709254
17-06-2011,28.2238762175966
20-06-2011,27.8388085944618
21-06-2011,27.6932826618989
22-06-2011,27.7075232255156
23-06-2011,27.5789285250828
24-06-2011,27.7589336890479
27-06-2011,27.583865579259
28-06-2011,27.220264499365
29-06-2011,27.3526468384575
30-06-2011,27.2001835759175
01-07-2011,27.1567713910132
05-07-2011,27.4368986218964
06-07-2011,27.1497478229883
07-07-2011,26.9513387795669
08-07-2011,27.1778370845591
11-07-2011,26.4290513417532
12-07-2011,27.9955534246059
13-07-2011,27.4456370827758
14-07-2011,27.5830604071975
15-07-2011,27.8524596966357
18-07-2011,27.4771634329503
19-07-2011,27.8497570117785
20-07-2011,29.0218148436135
21-07-2011,28.9152098880179
22-07-2011,29.3096086406119
25-07-2011,29.0448452566417
26-07-2011,28.1108790149597
27-07-2011,27.8165124681476
28-07-2011,30.5965928421559
29-07-2011,29.9184663499762
01-08-2011,29.5205699773545
02-08-2011,29.1773573425425
03-08-2011,29.9015671503676
04-08-2011,30.2633230454445
05-08-2011,36.9144664094693
08-08-2011,36.3562466598476
09-08-2011,41.3557792301224
10-08-2011,40.1061966170141
11-08-2011,39.4011913949996
12-08-2011,39.8040650652359
15-08-2011,39.3712202649434
16-08-2011,40.2980129660268
17-08-2011,40.1120764987003
18-08-2011,39.40010059
19-08-2011,41.30373156
22-08-2011,41.1688783642696
23-08-2011,40.6117364881767
24-08-2011,41.0376227908226
25-08-2011,40.6300414558231
26-08-2011,40.1644686522282
29-08-2011,39.8630530340046
30-08-2011,40.4645715320629
31-08-2011,40.0296114788398
01-09-2011,39.2700612515909
02-09-2011,39.1525848206998
06-09-2011,39.6836499851731
07-09-2011,40.3180868732456
08-09-2011,40.3709063601696
09-09-2011,39.7327287451914
12-09-2011,39.8365946167285
13-09-2011,39.2124833775773
14-09-2011,38.9967069730495
15-09-2011,38.6611761167968
16-09-2011,38.1476863990685
19-09-2011,37.5946403242352
20-09-2011,37.2236050256401
21-09-2011,37.0332093756061
22-09-2011,37.7084525739125
23-09-2011,40.5323598029858
26-09-2011,39.9594564330546
27-09-2011,39.5312099601548
28-09-2011,40.3418522171085
29-09-2011,39.3149227121219
30-09-2011,38.8469875401348
03-10-2011,38.9172215109646
04-10-2011,39.6756195030137
05-10-2011,38.8631847684222
06-10-2011,38.5829517221462
07-10-2011,39.6517664534577
10-10-2011,39.0448378755417
11-10-2011,39.2440619404745
12-10-2011,38.5649034651126
13-10-2011,38.3331405845436
14-10-2011,37.894147869544
17-10-2011,37.7268612142149
18-10-2011,36.400352527943
19-10-2011,35.9058520972385
20-10-2011,35.0209571600365
21-10-2011,34.9111732996148
24-10-2011,34.8819771090537
25-10-2011,35.6544973549543
26-10-2011,35.0767264397177
27-10-2011,34.5652550980885
28-10-2011,37.2748511816657
31-10-2011,36.789423736587
01-11-2011,36.8524962504393
02-11-2011,38.3398378955666
03-11-2011,38.3088675900517
04-11-2011,37.9855217067192
07-11-2011,37.3132041402504
08-11-2011,37.106700595491
09-11-2011,36.7669168241697
10-11-2011,36.8378408906656
11-11-2011,36.7062898225322
14-11-2011,36.658151249116
15-11-2011,36.2442387641242
16-11-2011,36.3279623209214
17-11-2011,36.1106314593785
18-11-2011,35.7466464772036
21-11-2011,35.0419916692494
22-11-2011,36.7257775288698
23-11-2011,36.5572087865452
25-11-2011,37.4841543076436
28-11-2011,37.1743944544191
29-11-2011,38.4812482324768
30-11-2011,38.3290944045227
01-12-2011,39.0606606390082
02-12-2011,38.2877283855873
05-12-2011,37.991489655841
06-12-2011,37.8272943837848
07-12-2011,37.6755296167243
08-12-2011,37.4702853192418
09-12-2011,37.7320338779319
12-12-2011,37.7045661299477
13-12-2011,37.0411361267277
14-12-2011,37.1309768926254
15-12-2011,37.4467872057412
16-12-2011,37.2000582823927
19-12-2011,36.4729129061749
20-12-2011,36.0992985008256
21-12-2011,36.8720346840991
22-12-2011,36.6331184781865
23-12-2011,36.8609379257858
27-12-2011,36.5891430699794
28-12-2011,36.2593103692287
29-12-2011,36.1128901234964
30-12-2011,35.0891441084447
03-01-2012,35.0767286089356
04-01-2012,36.0149667517385
05-01-2012,35.1469175477665
06-01-2012,34.9458250569084
09-01-2012,34.8693070970435
10-01-2012,34.3004344751685
11-01-2012,34.5058852231328
12-01-2012,33.0474047932336
13-01-2012,33.0476528528956
17-01-2012,32.1996211240704
18-01-2012,31.9658404903579
19-01-2012,31.9053500087595
20-01-2012,31.4386721934844
23-01-2012,30.4616202746598
24-01-2012,30.3870591095806
25-01-2012,30.2527974093331
26-01-2012,29.6593507241071
27-01-2012,29.2163520520976
30-01-2012,28.430337776955
31-01-2012,27.8524862216756
01-02-2012,27.1779140357924
02-02-2012,27.5237139686188
03-02-2012,27.6771219949741
06-02-2012,27.604004161049
07-02-2012,27.2371741373026
08-02-2012,26.9966649211971
09-02-2012,27.1121742292379
10-02-2012,27.8509557134749
13-02-2012,28.6849045731442
14-02-2012,28.647380764074
15-02-2012,28.9356410527802
16-02-2012,28.9083024946365
17-02-2012,28.8561778403811
21-02-2012,28.6956919906547
22-02-2012,29.6610790675335
23-02-2012,28.6280764904317
24-02-2012,28.782077190389
27-02-2012,28.655877821118
28-02-2012,28.4138421322735
29-02-2012,28.8842263948727
01-03-2012,27.6576400823242
02-03-2012,27.641102571604
05-03-2012,27.4024142666777
06-03-2012,27.3256077809179
07-03-2012,27.9864626871928
08-03-2012,28.0439186907072
09-03-2012,27.7223392197638
12-03-2012,27.6089537258137
13-03-2012,27.0693098990788
14-03-2012,26.8851227173768
15-03-2012,26.9712640678124
16-03-2012,26.8217147871509
19-03-2012,26.7038211361591
20-03-2012,26.6603848012228
21-03-2012,26.5854343445175
22-03-2012,26.6114321274595
23-03-2012,26.8357264759844
26-03-2012,26.9179451257955
27-03-2012,26.7825088887235
28-03-2012,26.794181826665
29-03-2012,27.3209424767498
30-03-2012,27.9792078585497
02-04-2012,27.553047806846
03-04-2012,27.4930362969717
04-04-2012,27.1229139224408
05-04-2012,25.3594527265413
09-04-2012,25.2025276726039
10-04-2012,25.5221628991693
11-04-2012,26.1374694681761
12-04-2012,26.4453301826789
13-04-2012,26.4380990405094
16-04-2012,26.4113145706006
17-04-2012,26.2703139841845
18-04-2012,26.1971408209859
19-04-2012,25.9708395151826
20-04-2012,25.7410401404037
23-04-2012,25.4076030051754
24-04-2012,25.5691740239375
25-04-2012,25.4241040040161
26-04-2012,25.0216251678407
27-04-2012,24.6066811530829
30-04-2012,24.5177687509753
01-05-2012,24.2807659019956
02-05-2012,23.4636289029285
03-05-2012,23.0330883076879
04-05-2012,23.6045604719727
07-05-2012,24.6325565337801
08-05-2012,24.9054395672219
09-05-2012,25.2175440511004
10-05-2012,24.6499072921016
11-05-2012,24.1495597562617
14-05-2012,23.9040226505793
15-05-2012,24.6549405744981
16-05-2012,25.0791214614455
17-05-2012,26.0170818381529
18-05-2012,26.0133733055392
21-05-2012,26.8069659551033
22-05-2012,27.5058938177939
23-05-2012,27.2918845839411
24-05-2012,27.4866909029395
25-05-2012,27.3024052066415
29-05-2012,26.979334955892
30-05-2012,27.127161417058
31-05-2012,26.7817967403865
01-06-2012,26.4141766332922
04-06-2012,28.6400770225402
05-06-2012,28.4714834226475
06-06-2012,28.1601245632441
07-06-2012,27.2148806156657
08-06-2012,27.0433117021392
11-06-2012,26.9495487028147
12-06-2012,26.8958906820532
13-06-2012,26.5483194371735
14-06-2012,26.1573730897614
15-06-2012,25.8145604309491
18-06-2012,26.1942430184987
19-06-2012,26.0204620712515
20-06-2012,26.9778125269408
21-06-2012,26.6377636602953
22-06-2012,27.8568231642839
25-06-2012,28.0683210131775
26-06-2012,28.9113031989062
27-06-2012,28.0638890142716
28-06-2012,27.8637970975544
29-06-2012,27.7381338556036
02-07-2012,32.494290302372
03-07-2012,31.6303408267339
05-07-2012,31.3088293152406
06-07-2012,31.210966283321
09-07-2012,31.0774095000769
10-07-2012,31.0594452293116
11-07-2012,31.0974083029673
12-07-2012,30.7668207503289
13-07-2012,30.4212194897442
16-07-2012,29.8448121242887
17-07-2012,29.7413058879951
18-07-2012,29.601492096627
19-07-2012,29.5168695899454
20-07-2012,28.6230773296133
23-07-2012,28.5716174459638
24-07-2012,30.7051689301984
25-07-2012,30.7320192096903
26-07-2012,30.3975646907821
27-07-2012,30.5850394837979
30-07-2012,30.4928850448686
31-07-2012,29.6361691249557
01-08-2012,29.347187077902
02-08-2012,29.3682641197531
03-08-2012,28.7115530859506
06-08-2012,28.4179355015383
07-08-2012,28.1310310141215
08-08-2012,28.3568854223443
09-08-2012,27.8749427019096
10-08-2012,27.8414666656146
13-08-2012,27.3805264258782
14-08-2012,27.0730846845993
15-08-2012,26.7273543249352
16-08-2012,26.6226820849938
17-08-2012,26.4609192163559
20-08-2012,26.4563100306684
21-08-2012,25.9809985883358
22-08-2012,25.7313203318642
23-08-2012,25.8507015597247
24-08-2012,25.9581810605044
27-08-2012,25.6418129592936
28-08-2012,25.5478330423542
29-08-2012,25.093323588092
30-08-2012,25.1311022918319
31-08-2012,25.5904439901403
04-09-2012,26.4334901608957
05-09-2012,25.5515403810269
06-09-2012,25.3982476480481
07-09-2012,24.1000876536408
10-09-2012,24.3371698928683
11-09-2012,23.7055263969135
12-09-2012,24.0685107538798
13-09-2012,23.8630232066624
14-09-2012,23.2525541787882
17-09-2012,24.2963309857936
18-09-2012,23.6524464909092
19-09-2012,23.514066652966
20-09-2012,22.7694299427577
21-09-2012,22.8603149557272
24-09-2012,22.1470948596989
25-09-2012,21.453866422351
26-09-2012,21.9533134418395
27-09-2012,23.8117621621246
28-09-2012,24.3362993851062
01-10-2012,24.0347157236953
02-10-2012,23.7200828721668
03-10-2012,23.4085144971642
04-10-2012,22.9369278004112
05-10-2012,23.2906234210325
08-10-2012,22.7660258817344
09-10-2012,22.7436457380014
10-10-2012,22.1910687289087
11-10-2012,22.4809838259909
12-10-2012,22.6498794873773
15-10-2012,23.290524070476
16-10-2012,22.3116172197768
17-10-2012,22.189605234765
18-10-2012,22.8912578113244
19-10-2012,22.7867479973365
22-10-2012,24.3022531592514
23-10-2012,23.2822734590974
24-10-2012,23.4567755141878
25-10-2012,23.2616971074631
26-10-2012,22.8691219375525
31-10-2012,22.5283477974872
01-11-2012,21.0521566809748
02-11-2012,21.3596763024733
05-11-2012,21.6583741290328
06-11-2012,21.375860504244
07-11-2012,22.3813408212741
08-11-2012,23.4698734392498
09-11-2012,23.1794659127594
12-11-2012,22.8766735094419
13-11-2012,22.8297344666094
14-11-2012,23.0078971412732
15-11-2012,23.0781080941315
16-11-2012,22.9895474892622
19-11-2012,22.2133632824695
20-11-2012,23.1182526351413
21-11-2012,23.1576277939266
23-11-2012,22.9529768974928
26-11-2012,23.6324122379285
27-11-2012,22.9269713721045
28-11-2012,22.3571543107133
29-11-2012,22.1000390519389
30-11-2012,22.1400483484268
03-12-2012,21.8835664803621
04-12-2012,21.6770166901027
05-12-2012,21.3384741098173
06-12-2012,21.3900704195356
07-12-2012,21.1232982845994
10-12-2012,21.093351490786
11-12-2012,21.4171552113011
12-12-2012,20.8783691043217
13-12-2012,19.7264950275213
14-12-2012,19.1064197457831
17-12-2012,19.0205945680669
18-12-2012,18.9605054645637
19-12-2012,18.7508814540551
20-12-2012,20.6248762751052
21-12-2012,20.3968826329244
24-12-2012,21.289333790615
26-12-2012,21.188817448972
27-12-2012,20.8957261689908
28-12-2012,20.6759020112348
31-12-2012,20.4070243205148
02-01-2013,20.6389538277902
03-01-2013,24.0777511827892
04-01-2013,22.352823659099
07-01-2013,22.6789279221589
08-01-2013,22.2418102910682
09-01-2013,21.8989814856139
10-01-2013,22.3407706804184
11-01-2013,22.1832320692652
14-01-2013,22.1604835049897
15-01-2013,21.8465296541316
16-01-2013,21.7587106698085
17-01-2013,21.5942218789864
18-01-2013,21.4178535382498
22-01-2013,21.1407087548969
23-01-2013,20.5444428753592
24-01-2013,20.3989932965234
25-01-2013,20.4240617594595
28-01-2013,20.3458403240036
29-01-2013,20.5927775798282
30-01-2013,20.7850335816649
31-01-2013,21.0356568391372
01-02-2013,20.277629647278
04-02-2013,19.69872068
05-02-2013,19.7133208152991
06-02-2013,19.5755628135984
07-02-2013,19.1683066694652
08-02-2013,18.7328266039874
11-02-2013,18.7158038086935
12-02-2013,19.1027528154634
13-02-2013,19.0080417929513
14-02-2013,18.7652777944524
15-02-2013,17.9047635236545
19-02-2013,18.0697088652266
20-02-2013,18.8560810287677
21-02-2013,19.5533566232628
22-02-2013,20.746705854581
25-02-2013,19.9589478229251
26-02-2013,20.1871264275412
27-02-2013,19.9294297442258
28-02-2013,19.2513447858889
01-03-2013,19.0416780204642
04-03-2013,18.8959739619361
05-03-2013,18.6565834942568
06-03-2013,19.4108199203463
07-03-2013,17.8026880129702
08-03-2013,17.648094908611
11-03-2013,17.5053584667883
12-03-2013,17.3355256087975
13-03-2013,16.9463838839881
14-03-2013,15.7904177628833
15-03-2013,15.7550308287266
18-03-2013,15.5505587110509
19-03-2013,15.9936113320016
20-03-2013,16.270741583943
21-03-2013,16.499124776235
22-03-2013,16.4643266469287
25-03-2013,15.860922925548
26-03-2013,15.6196786333633
27-03-2013,15.5850703382029
28-03-2013,15.6616197272358
01-04-2013,15.6018360888767
02-04-2013,15.5491631126201
03-04-2013,15.932475715491
04-04-2013,16.9034232457859
05-04-2013,16.7971199201947
08-04-2013,16.6229031405319
09-04-2013,16.9665447257403
10-04-2013,17.2444123288677
11-04-2013,17.6693451014118
12-04-2013,17.5412304719672
15-04-2013,17.9262255825426
16-04-2013,22.1063552736468
17-04-2013,21.3762390242518
18-04-2013,22.0247692425442
19-04-2013,21.703643741532
22-04-2013,21.8115361064673
23-04-2013,21.9092941488459
24-04-2013,21.8545542368858
25-04-2013,22.6766050804364
26-04-2013,21.7625336773516
29-04-2013,21.4011070127969
30-04-2013,22.0396350639149
01-05-2013,21.900916734137
02-05-2013,22.7076282740012
03-05-2013,23.2692723672584
06-05-2013,22.8634954016105
07-05-2013,22.6714236291038
08-05-2013,22.5238496728189
09-05-2013,22.3245148247565
10-05-2013,21.9643271163989
13-05-2013,21.6156757620531
14-05-2013,21.1328262247466
15-05-2013,20.7132181404453
16-05-2013,21.0808807013842
17-05-2013,21.5814219865754
20-05-2013,22.1036118720292
21-05-2013,21.5178471019093
22-05-2013,22.003345918518
23-05-2013,22.0826578705796
24-05-2013,21.7751397460771
28-05-2013,20.0629615119515
29-05-2013,19.8461963411757
30-05-2013,19.4696491173228
31-05-2013,18.9158560440606
03-06-2013,18.8023915688336
04-06-2013,18.4157024954375
05-06-2013,18.2995084928905
06-06-2013,17.9242684180199
07-06-2013,17.871556570099
10-06-2013,18.0882926455249
11-06-2013,17.3519935461091
12-06-2013,18.2371719389415
13-06-2013,18.0559563358129
14-06-2013,17.625978727676
17-06-2013,17.3168281863285
18-06-2013,17.2154131815238
19-06-2013,16.8347817718318
20-06-2013,17.0582142455716
21-06-2013,20.9671628467525
24-06-2013,20.5459232504103
25-06-2013,20.7781109437077
26-06-2013,20.6102414120236
27-06-2013,22.1373983530919
28-06-2013,22.0250125825865
01-07-2013,21.91863038
02-07-2013,22.3217590640211
03-07-2013,21.9721143373299
05-07-2013,21.7392978712029
08-07-2013,21.5854978166694
09-07-2013,21.5178177529424
10-07-2013,21.3950805656206
11-07-2013,21.3421947938267
12-07-2013,21.5999916646126
15-07-2013,21.3143203925374
16-07-2013,20.3143614150924
17-07-2013,20.2338938079422
18-07-2013,20.1470147253617
19-07-2013,19.9977065855032
22-07-2013,19.9101359763224
23-07-2013,20.0694079884262
24-07-2013,19.9343281656595
25-07-2013,20.059876625967
26-07-2013,19.7863402878536
29-07-2013,19.6724258736026
30-07-2013,19.2339012068541
31-07-2013,18.6065048280568
01-08-2013,18.3087082392036
02-08-2013,17.5919732175726
05-08-2013,17.3853281170245
06-08-2013,17.255549726816
07-08-2013,17.4813314430836
08-08-2013,18.5582911658056
09-08-2013,18.1061303081698
12-08-2013,18.5649964274539
13-08-2013,18.3361707216133
14-08-2013,17.8804858995315
15-08-2013,17.9210768885181
16-08-2013,18.7532215709384
19-08-2013,18.5440413305777
20-08-2013,18.9340080525877
21-08-2013,18.3848968834494
22-08-2013,18.1859771621673
23-08-2013,17.9873007626851
26-08-2013,18.198379782841
27-08-2013,18.1334865134587
28-08-2013,20.2709012689371
29-08-2013,19.8060943252032
30-08-2013,19.7463163470604
03-09-2013,19.4964352661545
04-09-2013,18.8035763241855
05-09-2013,18.543413235621
06-09-2013,19.1164607257877
09-09-2013,18.9488641911907
10-09-2013,19.1824577246076
11-09-2013,18.6441340496553
12-09-2013,18.1955981448014
13-09-2013,18.1627080990792
16-09-2013,18.1559186176185
17-09-2013,18.0383168557388
18-09-2013,17.7222491944486
19-09-2013,18.6464275414021
20-09-2013,18.9521582847679
23-09-2013,18.5481978531177
24-09-2013,18.5709447198947
25-09-2013,18.64458147
26-09-2013,18.9661564718226
27-09-2013,19.2828284824996
30-09-2013,18.7610514000832
01-10-2013,17.7819516649482
02-10-2013,18.1888401904438
03-10-2013,17.5974977685609
04-10-2013,17.7457197222574
07-10-2013,16.9823805165776
08-10-2013,17.0620917567465
09-10-2013,17.0839750176946
10-10-2013,16.2189641043443
11-10-2013,16.7596096440997
14-10-2013,16.9514452837336
15-10-2013,17.0211350663774
16-10-2013,16.8034911587883
17-10-2013,17.0863802789101
18-10-2013,17.2498843474719
21-10-2013,17.4730707663261
22-10-2013,18.1390211997645
23-10-2013,18.2492219423015
24-10-2013,18.7402782305793
25-10-2013,18.4592573609539
28-10-2013,19.2126746611434
29-10-2013,19.6783098356393
30-10-2013,19.4548540865658
31-10-2013,19.9359377238633
01-11-2013,20.0229101679629
04-11-2013,19.240635497628
05-11-2013,19.0708930640378
06-11-2013,19.0171303820826
07-11-2013,17.5107497372834
08-11-2013,18.0217851736211
11-11-2013,17.4465556538984
12-11-2013,16.7318745039074
13-11-2013,16.7676399067286
14-11-2013,16.7727229146522
15-11-2013,16.8275770886187
18-11-2013,16.7150807234207
19-11-2013,16.9982097598759
20-11-2013,18.9848330094282
21-11-2013,18.9742081043053
22-11-2013,18.9059860099954
25-11-2013,18.9999620248129
26-11-2013,18.8097757562963
27-11-2013,18.2096441741914
29-11-2013,18.1890081434231
02-12-2013,18.0290449699294
03-12-2013,17.9150908798184
04-12-2013,17.9064291392477
05-12-2013,16.7474387372574
06-12-2013,16.6330191209535
09-12-2013,15.5955550638391
10-12-2013,16.3149258901445
11-12-2013,16.5084908355863
12-12-2013,16.4867288183584
13-12-2013,16.1482648811396
16-12-2013,15.9734634655198
17-12-2013,16.1828640012203
18-12-2013,15.7584259719013
19-12-2013,15.3250050715526
20-12-2013,15.861733587473
23-12-2013,15.3250447845541
24-12-2013,15.6116002364896
26-12-2013,15.5587975672013
27-12-2013,15.6465541780575
30-12-2013,15.9850225285449
31-12-2013,15.4843024112604
02-01-2014,15.5905005416621
03-01-2014,15.5234380507634
06-01-2014,16.0190263740117
07-01-2014,15.7136598622137
08-01-2014,16.3777832101219
09-01-2014,16.4254699170439
10-01-2014,16.224477292058
13-01-2014,15.9482069833692
14-01-2014,15.8866027548315
15-01-2014,15.9584696964486
16-01-2014,16.0563003765873
17-01-2014,15.7866312866006
21-01-2014,15.5383680872733
22-01-2014,15.3998772785279
23-01-2014,15.5285343597118
24-01-2014,15.574162156442
27-01-2014,17.44333445
28-01-2014,18.3305894024784
29-01-2014,18.9775675379104
30-01-2014,18.7253246232454
31-01-2014,18.8208987633519
03-02-2014,18.681257780416
04-02-2014,19.8905960980145
05-02-2014,19.7710997764619
06-02-2014,19.5983314662992
07-02-2014,19.9328670659712
10-02-2014,21.3867206563655
11-02-2014,21.1302928337417
12-02-2014,20.991949638171
13-02-2014,20.7255982671305
14-02-2014,21.1014598702006
18-02-2014,20.9844239234651
19-02-2014,22.4908499939123
20-02-2014,21.8097296752095
21-02-2014,21.2735323544179
24-02-2014,20.8652577431971
25-02-2014,20.6789064358646
26-02-2014,20.2053609637824
27-02-2014,21.4078890874896
28-02-2014,21.310402579671
03-03-2014,20.0236731965159
04-03-2014,19.1941436466521
05-03-2014,19.4887198525975
06-03-2014,19.1881147982127
07-03-2014,19.6819397752773
10-03-2014,19.7056401505658
11-03-2014,18.4097353472717
12-03-2014,18.6243075429954
13-03-2014,18.6853953285754
14-03-2014,18.7991024293076
17-03-2014,18.6600301566874
18-03-2014,18.2350024368348
19-03-2014,18.4346204629451
20-03-2014,18.3232854085088
21-03-2014,18.7095744166233
24-03-2014,18.8674797494731
25-03-2014,18.8190998675491
26-03-2014,17.9998703128528
27-03-2014,17.5371080168238
28-03-2014,17.6480087191986
31-03-2014,17.7278618878572
01-04-2014,17.8277660965246
02-04-2014,17.4416596878445
03-04-2014,17.4362756881548
04-04-2014,17.1524099868484
07-04-2014,17.0649802863141
08-04-2014,18.0643285511855
09-04-2014,18.671623542268
10-04-2014,18.8419118112786
11-04-2014,18.7333882761453
14-04-2014,18.9078465827592
15-04-2014,19.0884058511759
16-04-2014,19.4236164901018
17-04-2014,19.5274653103016
21-04-2014,19.1417032965529
22-04-2014,19.2865849054332
23-04-2014,18.7610792352524
24-04-2014,19.0094012964992
25-04-2014,19.0091540052952
28-04-2014,20.0918628244516
29-04-2014,20.2871461338435
30-04-2014,19.9936556870944
01-05-2014,19.7984695899271
02-05-2014,19.7984892866516
05-05-2014,19.7562392144964
06-05-2014,19.6539018664559
07-05-2014,19.8286570071408
08-05-2014,19.3189459848084
09-05-2014,19.333057752769
12-05-2014,19.4551905750025
13-05-2014,20.2974272517358
14-05-2014,20.2216008124305
15-05-2014,19.8805769089305
16-05-2014,19.9826025382591
19-05-2014,19.6433912276052
20-05-2014,19.4411457874866
21-05-2014,19.0015603858488
22-05-2014,19.1813989677474
23-05-2014,18.9207482918881
27-05-2014,18.8933171917861
28-05-2014,18.6696757514401
29-05-2014,18.6208816022647
30-05-2014,18.7327867808995
02-06-2014,18.4434221315611
03-06-2014,18.4050921409196
04-06-2014,18.2329394953924
05-06-2014,17.9368474784138
06-06-2014,18.2187071941733
09-06-2014,18.0516155837774
10-06-2014,19.1142636484837
11-06-2014,18.8375003538669
12-06-2014,18.5011246426498
13-06-2014,18.8319972976719
16-06-2014,19.4040193477513
17-06-2014,18.4990304274697
18-06-2014,17.7837137306505
19-06-2014,17.6195748598785
20-06-2014,17.5776173144632
23-06-2014,17.6210870820508
24-06-2014,17.3937531020933
25-06-2014,17.7042121694911
26-06-2014,17.6317332984429
27-06-2014,17.4451207743902
30-06-2014,17.3037471567317
01-07-2014,16.7137395585402
02-07-2014,16.6525514402674
03-07-2014,16.9879910787763
07-07-2014,17.0162431110101
08-07-2014,18.1835785267877
09-07-2014,19.521138187551
10-07-2014,18.9374744660388
11-07-2014,19.22878863
14-07-2014,19.2368501477706
15-07-2014,19.1708888497302
16-07-2014,18.4247045344529
17-07-2014,18.1491669775276
18-07-2014,18.2790343217328
21-07-2014,18.6648954356385
22-07-2014,18.4414049576683
23-07-2014,18.65748115
24-07-2014,18.4302245519132
25-07-2014,18.5471249967139
28-07-2014,18.3237589107201
29-07-2014,18.0074956832959
30-07-2014,18.206500847657
31-07-2014,18.3884058812509
01-08-2014,20.871896266717
04-08-2014,21.1482890835357
05-08-2014,21.0885591329319
06-08-2014,20.1038593867027
07-08-2014,20.136363495323
08-08-2014,19.9756152033582
11-08-2014,19.8115658495696
12-08-2014,21.5030259299857
13-08-2014,21.6242096026993
14-08-2014,21.9889560718037
15-08-2014,21.8094543629154
18-08-2014,22.0217712630182
19-08-2014,22.1586807347011
20-08-2014,22.1794942660786
21-08-2014,21.5844336778239
22-08-2014,21.0581741613546
25-08-2014,20.987043292258
26-08-2014,21.0473262335175
27-08-2014,20.5459769504001
28-08-2014,20.3756355406314
29-08-2014,20.7209053608714
02-09-2014,21.3028221838868
03-09-2014,21.6162906758814
04-09-2014,21.3059051357967
05-09-2014,20.8513048464951
08-09-2014,20.7274552062994
09-09-2014,20.2411947982016
10-09-2014,22.0433872658075
11-09-2014,21.7313884302497
12-09-2014,21.4782236845138
15-09-2014,21.5613485350765
16-09-2014,23.7710004122464
17-09-2014,23.8694752288771
18-09-2014,23.7042852922627
19-09-2014,23.4443139237001
22-09-2014,23.4501425367398
23-09-2014,23.9199750558121
24-09-2014,23.4176429229274
25-09-2014,23.2276953778584
26-09-2014,24.075238748518
29-09-2014,24.3152228471156
30-09-2014,23.8517201627529
01-10-2014,23.9597391718005
02-10-2014,25.1486706050303
03-10-2014,24.7961909538227
06-10-2014,24.6349912467912
07-10-2014,24.481866557526
08-10-2014,24.9648948124781
09-10-2014,24.3915863286622
10-10-2014,26.3791999835919
13-10-2014,27.1882981296817
14-10-2014,28.5422974021112
15-10-2014,28.3478229789722
16-10-2014,27.7951639888085
17-10-2014,28.4019894877316
20-10-2014,28.2040693541317
21-10-2014,28.3915277896326
22-10-2014,28.1776763569259
23-10-2014,28.2517940558279
24-10-2014,28.3516121553515
27-10-2014,28.0747619118127
28-10-2014,28.204955163996
29-10-2014,28.6271928797913
30-10-2014,28.0113878510156
31-10-2014,27.734886425614
03-11-2014,28.4395731008705
04-11-2014,28.1018338039267
05-11-2014,28.693843106744
06-11-2014,28.1689768116528
07-11-2014,27.9040712286702
10-11-2014,25.7938181899928
11-11-2014,25.4721477066825
12-11-2014,25.4694691517005
13-11-2014,24.5449190722489
14-11-2014,24.7741204931617
17-11-2014,24.2613930705624
18-11-2014,23.6532947781854
19-11-2014,23.5970597178318
20-11-2014,23.3292179515055
21-11-2014,22.6842401396672
24-11-2014,22.8089739794911
25-11-2014,22.6296786446693
26-11-2014,22.9571416909715
28-11-2014,21.731495277811
01-12-2014,28.026234779394
02-12-2014,28.2934422495464
03-12-2014,27.8843010288652
04-12-2014,27.8032757220468
05-12-2014,27.559023205466
08-12-2014,26.9974607103696
09-12-2014,28.185247879982
10-12-2014,27.7590444864211
11-12-2014,27.7350578893281
12-12-2014,27.1666133258308
15-12-2014,26.7195631233106
16-12-2014,27.2977647100354
17-12-2014,27.1740388852027
18-12-2014,27.0968242623369
19-12-2014,26.8696098565211
22-12-2014,26.9037213137772
23-12-2014,26.72989155
24-12-2014,26.509599526729
26-12-2014,26.2917798456812
29-12-2014,26.1960314868687
30-12-2014,25.9004398317081
31-12-2014,25.5342474732625
02-01-2015,24.7208092610606
05-01-2015,24.1824674125844
06-01-2015,25.136332498448
07-01-2015,25.3265935117468
08-01-2015,24.9261667240787
09-01-2015,25.395584156281
12-01-2015,25.028775562797
13-01-2015,25.8705310932751
14-01-2015,25.6455360279972
15-01-2015,25.03222926
16-01-2015,24.9612617679044
20-01-2015,24.3417385762614
21-01-2015,24.2357574558224
22-01-2015,23.9905110646079
23-01-2015,22.6990988009339
26-01-2015,22.4607712239549
27-01-2015,23.6010403141719
28-01-2015,23.5245604974278
29-01-2015,24.608602217094
30-01-2015,24.3421669046682
02-02-2015,22.7600224739488
03-02-2015,22.508862730169
04-02-2015,24.3085894070805
05-02-2015,23.8343589114676
06-02-2015,24.3276923604623
09-02-2015,23.7145283604851
10-02-2015,23.1298739570827
11-02-2015,22.8698801241529
12-02-2015,21.7172370026902
13-02-2015,22.0468154785117
17-02-2015,21.9632438858808
18-02-2015,21.7700365140729
19-02-2015,21.514618842944
20-02-2015,21.283632309854
23-02-2015,21.1765707136597
24-02-2015,21.1023253763206
25-02-2015,20.7952556305096
26-02-2015,20.4817314330683
27-02-2015,19.7922816384444
02-03-2015,19.751799998733
03-03-2015,19.0098819548553
04-03-2015,18.1125871777536
05-03-2015,16.4305345477514
06-03-2015,16.1837671249552
09-03-2015,16.7541913319954
10-03-2015,16.8955160364801
11-03-2015,17.9205562600057
12-03-2015,17.2415149883705
13-03-2015,17.0902065031419
16-03-2015,17.6877261812111
17-03-2015,17.464989806895
18-03-2015,17.259191404786
19-03-2015,17.704309041817
20-03-2015,17.3737124106733
23-03-2015,17.6376131653297
24-03-2015,17.6935750380365
25-03-2015,17.682687033164
26-03-2015,17.9623746764515
27-03-2015,17.3053693346828
30-03-2015,17.6143062486038
31-03-2015,17.4072608368376
01-04-2015,17.0433863890591
02-04-2015,16.7987855555898
06-04-2015,16.9453347039788
07-04-2015,17.2999820212269
08-04-2015,17.1304991286996
09-04-2015,16.7335716076806
10-04-2015,16.7806924857992
13-04-2015,16.9774214199484
14-04-2015,16.909592530647
15-04-2015,16.8577357667916
16-04-2015,17.5376147390585
17-04-2015,17.1728391338772
20-04-2015,18.2730982597006
21-04-2015,18.2505656476712
22-04-2015,18.2177995003933
23-04-2015,18.6004805972914
24-04-2015,18.8533808132372
27-04-2015,17.7770309539093
28-04-2015,17.700277083693
29-04-2015,17.6900291536841
30-04-2015,17.2385812354386
01-05-2015,17.5590150666161
04-05-2015,17.4783523908689
05-05-2015,16.5572750710762
06-05-2015,16.3735145748621
07-05-2015,16.0489657346868
08-05-2015,16.1931173619094
11-05-2015,16.5129361289047
12-05-2015,16.0179247870719
13-05-2015,16.2963452923739
14-05-2015,16.1358581941596
15-05-2015,15.8097912281765
18-05-2015,15.9907229704721
19-05-2015,15.9521654211478
20-05-2015,15.5503040902954
21-05-2015,14.8874336834608
22-05-2015,14.8786121603275
26-05-2015,14.9609589174756
27-05-2015,16.2149104937768
28-05-2015,15.5304715513121
29-05-2015,15.263211074888
01-06-2015,15.3068772305232
02-06-2015,14.8839495340418
03-06-2015,15.1679300458666
04-06-2015,14.983441503769
05-06-2015,14.8663686063062
08-06-2015,14.6947149766223
09-06-2015,14.2122747529476
10-06-2015,14.2962625706882
11-06-2015,14.788308253697
12-06-2015,14.7307641296404
15-06-2015,14.6804182543182
16-06-2015,14.544643779384
17-06-2015,14.4520637110911
18-06-2015,14.4025064904742
19-06-2015,15.1204204207383
22-06-2015,15.8024357387941
23-06-2015,16.0985518787325
24-06-2015,16.0874221452102
25-06-2015,16.1442741995887
26-06-2015,15.9641232686064
29-06-2015,15.857658612226
30-06-2015,19.4566503592733
01-07-2015,19.3736783762879
02-07-2015,19.0915816976993
06-07-2015,18.9931909151728
07-07-2015,22.1751480558052
08-07-2015,21.4292194049569
09-07-2015,23.0206176098528
10-07-2015,23.110263799752
13-07-2015,23.5932015801191
14-07-2015,23.8279249236643
15-07-2015,23.6950965668864
16-07-2015,24.360509360517
17-07-2015,24.1074037676875
20-07-2015,23.7560289042232
21-07-2015,23.3250790589745
22-07-2015,22.9607647928084
23-07-2015,22.2912369724784
24-07-2015,22.2359433148998
27-07-2015,22.4420416568674
28-07-2015,22.9252468654663
29-07-2015,22.3079945877894
30-07-2015,22.1102930269971
31-07-2015,21.9272413377105
03-08-2015,21.2925809964677
04-08-2015,21.0219325917419
05-08-2015,20.8299968881796
06-08-2015,20.1068104943467
07-08-2015,21.3781740397495
10-08-2015,21.43757814
11-08-2015,22.3239017250134
12-08-2015,22.4054595675595
13-08-2015,22.2336966701825
14-08-2015,22.0827761099172
17-08-2015,21.6609721206874
18-08-2015,21.1437450896217
19-08-2015,20.4873284357393
20-08-2015,20.9950049217745
21-08-2015,22.7644721173722
24-08-2015,23.0874459987963
25-08-2015,25.6393078304335
26-08-2015,25.2906025215403
27-08-2015,24.9173486599732
28-08-2015,27.2835620373911
31-08-2015,27.4156391218037
01-09-2015,26.1570248599581
02-09-2015,26.7177243815652
03-09-2015,26.230021311659
04-09-2015,25.894071634726
08-09-2015,25.0656817106446
09-09-2015,24.5019635548584
10-09-2015,24.1210391642634
11-09-2015,23.6298833472242
14-09-2015,23.5634451956753
15-09-2015,23.024242146553
16-09-2015,22.7326190100589
17-09-2015,23.4607353083384
18-09-2015,23.1302915142749
21-09-2015,23.1074521386428
22-09-2015,22.6872677269033
23-09-2015,22.9440804620104
24-09-2015,24.0889718477546
25-09-2015,23.9994212398386
28-09-2015,23.4507423279819
29-09-2015,24.2344811181007
30-09-2015,22.8643973111942
01-10-2015,22.7936231001006
02-10-2015,22.707811423223
05-10-2015,24.6002944686034
06-10-2015,25.5234501159307
07-10-2015,26.1356625422588
08-10-2015,26.2079022037069
09-10-2015,25.4880824414667
12-10-2015,25.4333414455856
13-10-2015,24.584026525514
14-10-2015,25.1858463215088
15-10-2015,24.2452809736578
16-10-2015,24.5674748719987
19-10-2015,23.9730856405994
20-10-2015,23.7192030115336
21-10-2015,23.2330549305131
22-10-2015,23.467083317527
23-10-2015,23.1565008971741
26-10-2015,23.1445945609266
27-10-2015,22.8122086736308
28-10-2015,23.6933709224152
29-10-2015,25.2845940828358
30-10-2015,24.5680466141591
02-11-2015,23.5959711718353
03-11-2015,23.2049692856758
04-11-2015,23.5141523296427
05-11-2015,23.2050233973288
06-11-2015,23.0319325636996
09-11-2015,22.3406821437402
10-11-2015,23.5121236400594
11-11-2015,23.3830013149859
12-11-2015,23.3364106707174
13-11-2015,23.4100702696383
16-11-2015,22.979190611352
17-11-2015,22.3933998230816
18-11-2015,22.4826314958892
19-11-2015,22.1138674239113
20-11-2015,21.8972399507302
23-11-2015,21.7595365781264
24-11-2015,20.9406954407166
25-11-2015,21.3221479317597
27-11-2015,20.7893213458492
30-11-2015,20.5909102663489
01-12-2015,20.3561929335273
02-12-2015,20.6532000053917
03-12-2015,20.5367964433071
04-12-2015,20.3842886365392
07-12-2015,20.0006608418566
08-12-2015,20.7894927787038
09-12-2015,22.1795110925945
10-12-2015,21.4745482898104
11-12-2015,21.6648607984138
14-12-2015,23.7042946788954
15-12-2015,23.2341148044661
16-12-2015,23.2956257308786
17-12-2015,26.0004783573137
18-12-2015,25.5044871397812
21-12-2015,25.1222857405826
22-12-2015,24.7706870300138
23-12-2015,24.828308698876
24-12-2015,24.8830915120184
28-12-2015,24.7967234106771
29-12-2015,23.8194736158782
30-12-2015,23.7672975958656
31-12-2015,24.1963753489799
04-01-2016,23.8732836327069
05-01-2016,23.7264900364179
06-01-2016,23.7066480559091
07-01-2016,24.0069924509498
08-01-2016,28.106549071162
11-01-2016,27.585592032403
12-01-2016,28.3032327200354
13-01-2016,28.482807638543
14-01-2016,28.0734265472005
15-01-2016,27.646847119942
19-01-2016,29.5865285351059
20-01-2016,28.5109102469244
21-01-2016,27.9852058311279
22-01-2016,27.9614142983497
25-01-2016,29.7899798149011
26-01-2016,30.0137176451363
27-01-2016,29.9059332792303
28-01-2016,29.3818184599065
29-01-2016,28.5097269324765
01-02-2016,29.3429324771192
02-02-2016,28.8728528319515
03-02-2016,30.0593237138967
04-02-2016,29.7471520008146
05-02-2016,29.6336791056022
08-02-2016,29.7665935687458
09-02-2016,30.5374459257479
10-02-2016,30.0767420275034
11-02-2016,29.232757632815
12-02-2016,29.4096765785857
16-02-2016,29.5087359187693
17-02-2016,30.1776942750703
18-02-2016,30.9913092255099
19-02-2016,30.7041546194023
22-02-2016,29.902386881404
23-02-2016,30.5400844114237
24-02-2016,30.3221325474237
25-02-2016,30.0146142903588
26-02-2016,30.0492086021919
29-02-2016,29.3442507913349
01-03-2016,29.1647593121925
02-03-2016,29.0981329401885
03-03-2016,29.4772458589057
04-03-2016,29.6049371283733
07-03-2016,28.5867010040311
08-03-2016,27.7246665053376
09-03-2016,28.2050197057662
10-03-2016,28.8243019942537
11-03-2016,28.264646664103
14-03-2016,28.9393346033777
15-03-2016,27.9986470121898
16-03-2016,28.1815714250522
17-03-2016,27.5569859626349
18-03-2016,29.1209611810078
21-03-2016,28.6762673645753
22-03-2016,28.024297071461
23-03-2016,27.6242962005695
24-03-2016,29.0048880910076
28-03-2016,28.1262476077841
29-03-2016,27.645511503988
30-03-2016,27.2832671708063
31-03-2016,26.7311827345233
01-04-2016,26.4350177781321
04-04-2016,26.337770110825
05-04-2016,26.1382491933704
06-04-2016,26.2115895777999
07-04-2016,25.8379822730224
08-04-2016,25.845441813389
11-04-2016,25.6713104418242
12-04-2016,25.9157920497214
13-04-2016,26.5168615255748
14-04-2016,26.394481799517
15-04-2016,26.3140017519152
18-04-2016,26.1472455978454
19-04-2016,26.0667426370636
20-04-2016,25.6187950895228
21-04-2016,25.0517295776425
22-04-2016,24.8625488448807
25-04-2016,24.2935061855057
26-04-2016,24.8560699063039
27-04-2016,24.6986896243862
28-04-2016,24.9941497269349
29-04-2016,24.0723476507909
02-05-2016,22.8679145210385
03-05-2016,23.7204238966465
04-05-2016,26.4644803970404
05-05-2016,25.5725007695317
06-05-2016,25.794324490254
09-05-2016,25.5326929295174
10-05-2016,25.3365004152773
11-05-2016,24.7914460906101
12-05-2016,24.2778639230347
13-05-2016,23.7530568655379
16-05-2016,23.6095502564547
17-05-2016,23.5607590745551
18-05-2016,23.3334152054944
19-05-2016,23.0191263977978
20-05-2016,23.1661383751442
23-05-2016,23.643984960579
24-05-2016,23.2276902467486
25-05-2016,22.955895676327
26-05-2016,23.0297244546737
27-05-2016,22.808214234385
31-05-2016,22.4547746040246
01-06-2016,21.2692533289348
02-06-2016,20.8143133437531
03-06-2016,20.6295303389329
06-06-2016,19.8126685655703
07-06-2016,21.0848254921199
08-06-2016,19.7869938313906
09-06-2016,19.6200428936805
10-06-2016,20.6552426501358
13-06-2016,23.1612016354417
14-06-2016,23.3728885274266
15-06-2016,23.8401513271367
16-06-2016,23.5932103851219
17-06-2016,23.2608526058431
20-06-2016,22.6700978370974
21-06-2016,23.3404392288199
22-06-2016,23.1580020137967
23-06-2016,22.6174716251694
24-06-2016,23.0482400333983
27-06-2016,27.9118797377839
28-06-2016,28.7083857722637
29-06-2016,30.2919421550567
30-06-2016,31.6257316119606
01-07-2016,30.5397009079234
05-07-2016,30.2996595437477
06-07-2016,30.5939907637045
07-07-2016,30.1223385677749
08-07-2016,29.6812958048869
11-07-2016,29.7569771880836
12-07-2016,29.5034943295161
13-07-2016,29.2016302217929
14-07-2016,28.5919870353928
15-07-2016,28.4598683494633
18-07-2016,27.4565889491835
19-07-2016,26.8400353209002
20-07-2016,26.8294742664441
21-07-2016,26.8590746518582
22-07-2016,26.8078521335903
25-07-2016,26.6015714612476
26-07-2016,26.4688647781451
27-07-2016,26.3905962035556
28-07-2016,26.0519065174341
29-07-2016,24.9693316861001
01-08-2016,24.603467947937
02-08-2016,24.5613708720597
03-08-2016,24.9677108265478
04-08-2016,24.4069082437304
05-08-2016,24.2090067069778
08-08-2016,23.9952883734067
09-08-2016,23.8839899231502
10-08-2016,22.8389241238874
11-08-2016,22.6569697700421
12-08-2016,22.109783570765
15-08-2016,21.9105224901098
16-08-2016,22.4166807912276
17-08-2016,22.0465543663109
18-08-2016,21.8069349302957
19-08-2016,22.9026812746932
22-08-2016,21.8606634879893
23-08-2016,21.397765697747
24-08-2016,21.6120109056838
25-08-2016,22.1509962901208
26-08-2016,22.0334238595852
29-08-2016,21.8404175127305
30-08-2016,21.5800699608262
31-08-2016,20.4004078817327
01-09-2016,20.7252090756061
02-09-2016,20.3220888485077
06-09-2016,20.5385637150627
07-09-2016,20.440813953232
08-09-2016,20.1799725961395
09-09-2016,20.1383497313222
12-09-2016,23.4854245096381
13-09-2016,23.269580730037
14-09-2016,24.338368175984
15-09-2016,24.3948954548878
16-09-2016,24.5090870571272
19-09-2016,24.2425492512287
20-09-2016,24.6628010239503
21-09-2016,24.1705980793973
22-09-2016,24.3825868367393
23-09-2016,24.2629963851726
26-09-2016,24.4662222575407
27-09-2016,23.6748430249659
28-09-2016,23.3599212891625
29-09-2016,23.6524724863377
30-09-2016,23.484041307788
03-10-2016,23.4125928328036
04-10-2016,22.591410198011
05-10-2016,22.3200124369913
06-10-2016,22.5085883928766
07-10-2016,22.3107100327946
10-10-2016,22.9811820333375
11-10-2016,22.8476833553841
12-10-2016,23.6778271955836
13-10-2016,23.4581345555668
14-10-2016,23.1634277831237
17-10-2016,23.0561641246071
18-10-2016,23.0664857912763
19-10-2016,23.0719371634036
20-10-2016,23.0859702081055
21-10-2016,22.8889760266883
24-10-2016,22.4435510782519
25-10-2016,22.4358190291696
26-10-2016,23.0374095101919
27-10-2016,22.9736194215604
28-10-2016,22.9350907182056
31-10-2016,22.9207298142553
01-11-2016,22.1504917041449
02-11-2016,22.483473171003
03-11-2016,22.6805405815597
04-11-2016,23.8283258907484
07-11-2016,23.7607190255595
08-11-2016,24.4583366510423
09-11-2016,24.3088545229696
10-11-2016,24.7583578378121
11-11-2016,25.451515722063
14-11-2016,24.76288507
15-11-2016,24.3693793954605
16-11-2016,23.5885146285424
17-11-2016,23.3108758136128
18-11-2016,23.0970701939196
21-11-2016,22.8603166958117
22-11-2016,23.1393162482842
23-11-2016,22.8078017800829
25-11-2016,22.3270663755527
28-11-2016,21.9356978888703
29-11-2016,21.761881544873
30-11-2016,21.2797591508168
01-12-2016,21.4038205171283
02-12-2016,21.2799641495618
05-12-2016,20.4503764509756
06-12-2016,20.2257995521136
07-12-2016,19.3787474084913
08-12-2016,19.8372506575382
09-12-2016,19.0470314686216
12-12-2016,18.9699771961551
13-12-2016,19.1095187186422
14-12-2016,18.7537706741531
15-12-2016,18.7768553760474
16-12-2016,18.1389005039293
19-12-2016,17.914139419751
20-12-2016,17.5732137341215
21-12-2016,17.4712029566837
22-12-2016,17.2467397252515
23-12-2016,16.8232912706933
27-12-2016,16.4879061624558
28-12-2016,15.9136879860313
29-12-2016,15.6069268359829
30-12-2016,15.4703799982735
03-01-2017,15.3987725817072
04-01-2017,15.0832480817301
05-01-2017,15.6103278875505
06-01-2017,15.5006738240343
09-01-2017,15.2625880872863
10-01-2017,14.6648081230143
11-01-2017,14.6598884356439
12-01-2017,14.6657484889903
13-01-2017,14.6015270120375
17-01-2017,14.8516303690203
18-01-2017,14.2311336036166
19-01-2017,14.3812130397998
20-01-2017,14.4814753217063
23-01-2017,15.014750342627
24-01-2017,15.0376649446497
25-01-2017,15.5043861283628
26-01-2017,15.7121617105618
27-01-2017,15.7568857403913
30-01-2017,15.7463454032912
31-01-2017,16.5609937925839
01-02-2017,16.4366195058522
02-02-2017,16.8462328434545
03-02-2017,16.6322657633644
06-02-2017,17.3730277139898
07-02-2017,17.6096791277171
08-02-2017,17.4632969928901
09-02-2017,17.3445549374747
10-02-2017,17.2005870352407
13-02-2017,17.6955604118398
14-02-2017,17.7210929380719
15-02-2017,17.6989622428664
16-02-2017,17.4575030055256
17-02-2017,17.1016695426127
21-02-2017,16.5497174016307
22-02-2017,16.8839783955702
23-02-2017,17.1053748315227
24-02-2017,16.549128104494
27-02-2017,16.772975130384
28-02-2017,16.6533768069935
01-03-2017,16.910241472709
02-03-2017,17.1762242147571
03-03-2017,17.1465704937219
06-03-2017,16.6424031879099
07-03-2017,16.5385029883754
08-03-2017,16.4795089162449
09-03-2017,16.6201260706355
10-03-2017,16.4297387203474
13-03-2017,15.9501221938822
14-03-2017,15.9920901468837
15-03-2017,16.4314577147624
16-03-2017,17.4034615073747
17-03-2017,17.135542559726
20-03-2017,17.0181826434958
21-03-2017,16.8243223333462
22-03-2017,19.4040138997775
23-03-2017,19.2608588375777
24-03-2017,18.7786628202007
27-03-2017,18.7654200730325
28-03-2017,18.5026181086765
29-03-2017,18.7990320505846
30-03-2017,18.7847531882884
31-03-2017,18.1721392416213
03-04-2017,18.2198900942667
04-04-2017,17.5821697828497
05-04-2017,17.0587656241166
06-04-2017,14.7504958588196
07-04-2017,14.8325351158218
10-04-2017,14.7428625357599
11-04-2017,15.0467969592539
12-04-2017,14.1533812630534
13-04-2017,13.8008788544338
17-04-2017,14.0523063685711
18-04-2017,13.9880815371176
19-04-2017,14.156446148611
20-04-2017,14.581632628866
21-04-2017,14.3767560824618
24-04-2017,14.0547355985501
25-04-2017,15.2635365702359
26-04-2017,15.631594099012
27-04-2017,15.3820695212097
28-04-2017,14.9124113939192
01-05-2017,14.6472911750257
02-05-2017,14.6615435107324
03-05-2017,14.6527402167283
04-05-2017,14.5651413502892
05-05-2017,16.6267770970933
08-05-2017,17.1364025851706
09-05-2017,17.023667730264
10-05-2017,16.8130800980608
11-05-2017,16.7927294128447
12-05-2017,16.2779768123842
15-05-2017,16.1416530165039
16-05-2017,16.6478641407318
17-05-2017,16.3773438339219
18-05-2017,18.7801246133858
19-05-2017,15.3334839630825
22-05-2017,15.6938248699516
23-05-2017,15.5451754315685
24-05-2017,15.4148581026189
25-05-2017,15.3063598820984
26-05-2017,14.8645191705926
30-05-2017,15.1727862583235
31-05-2017,15.1184546817358
01-06-2017,14.924210100533
02-06-2017,14.9339877622607
05-06-2017,14.3698361473584
06-06-2017,14.7656559092152
07-06-2017,14.6291450093907
08-06-2017,14.6230918990149
09-06-2017,14.7324740952781
12-06-2017,14.4277404355408
13-06-2017,14.2102472551513
14-06-2017,14.3440591259849
15-06-2017,13.5126554815036
16-06-2017,13.8835953777825
19-06-2017,13.7086785847602
20-06-2017,13.7799646860523
21-06-2017,14.8603361494032
22-06-2017,15.1589606047216
23-06-2017,15.1642917711297
26-06-2017,15.6193831769611
27-06-2017,15.5946203769492
28-06-2017,15.4524992594264
29-06-2017,15.8761998661574
30-06-2017,16.3291752168937
03-07-2017,16.4765609791285
05-07-2017,16.350316308502
06-07-2017,17.0679640638019
07-07-2017,16.843205862624
10-07-2017,16.8741320077913
11-07-2017,15.8888150269616
12-07-2017,15.6272493470623
13-07-2017,16.4017901462014
14-07-2017,16.0784414736525
17-07-2017,15.7574628627499
18-07-2017,15.6494887841022
19-07-2017,15.6629000716932
20-07-2017,16.1764905825909
21-07-2017,16.0864393075214
24-07-2017,15.3875269670684
25-07-2017,15.4185862223596
26-07-2017,15.2817506384047
27-07-2017,15.141481258094
28-07-2017,15.3788365589769
31-07-2017,15.349045634636
01-08-2017,15.2941858380279
02-08-2017,15.5700865970626
03-08-2017,15.6600994931538
04-08-2017,15.7551417693691
07-08-2017,15.4996571125363
08-08-2017,15.7671696403272
09-08-2017,16.0609251573862
10-08-2017,15.8670554646722
11-08-2017,17.772876958873
14-08-2017,17.6185018544596
15-08-2017,17.6879635148596
16-08-2017,17.6117940270434
17-08-2017,17.4078784984922
18-08-2017,18.1270737601503
21-08-2017,18.604732799627
22-08-2017,18.9239506924537
23-08-2017,19.2186452924128
24-08-2017,18.855645402642
25-08-2017,18.2280385898099
28-08-2017,17.6768098389297
29-08-2017,17.6083864581024
30-08-2017,17.5721389890845
31-08-2017,17.4533475340965
01-09-2017,17.9507933236239
05-09-2017,18.0482390999923
06-09-2017,18.342075999786
07-09-2017,17.9511534536709
08-09-2017,18.1411367804233
11-09-2017,18.1703112625526
12-09-2017,19.1241434959629
13-09-2017,19.0268047839985
14-09-2017,19.2477151023968
15-09-2017,18.0053305688223
18-09-2017,17.9843260400932
19-09-2017,17.9402477098964
20-09-2017,18.0453108597694
21-09-2017,17.462927481035
22-09-2017,17.5349427580365
25-09-2017,16.5627031284003
26-09-2017,17.5740402862182
27-09-2017,17.7914882742918
28-09-2017,17.6961812454468
29-09-2017,18.7730998194463
02-10-2017,17.8724043420191
03-10-2017,17.3188615756907
04-10-2017,17.1546332906275
05-10-2017,16.8719654297701
06-10-2017,16.6682114694649
09-10-2017,16.0416531727823
10-10-2017,15.8767752635126
11-10-2017,16.7505061639204
12-10-2017,16.3460647661435
13-10-2017,16.1597797624621
16-10-2017,16.0116137657613
17-10-2017,15.7101203769378
18-10-2017,15.7348107821639
19-10-2017,15.7420528563564
20-10-2017,15.8544881218874
23-10-2017,15.7437128621314
24-10-2017,15.8707273706518
25-10-2017,15.42917672
26-10-2017,16.2187360824114
27-10-2017,16.4526878402186
30-10-2017,17.7090007054341
31-10-2017,17.202406632018
01-11-2017,16.4546523837884
02-11-2017,16.3539321513569
03-11-2017,15.9886918913715
06-11-2017,16.1414013955026
07-11-2017,16.0342600347661
08-11-2017,16.0074749651891
09-11-2017,14.4226746022992
10-11-2017,13.5077558500301
13-11-2017,13.3083923393133
14-11-2017,13.1424545336548
15-11-2017,13.6393240639126
16-11-2017,14.0229538518153
17-11-2017,14.2298872729037
20-11-2017,14.3924352620605
21-11-2017,14.1281448805243
22-11-2017,14.1876730702075
24-11-2017,14.0128131466356
27-11-2017,14.2531298399718
28-11-2017,14.4347945569383
29-11-2017,14.505593209597
30-11-2017,14.4774870358714
01-12-2017,14.0459049310564
04-12-2017,13.8882782836097
05-12-2017,14.2579610016961
06-12-2017,14.1743652858101
07-12-2017,13.9944043642055
08-12-2017,14.3298730985501
11-12-2017,13.8790058696614
12-12-2017,14.0110036831372
13-12-2017,14.4423735837982
14-12-2017,13.5995935232596
15-12-2017,13.0546976596748
18-12-2017,12.8147969768086
19-12-2017,13.4407075826408
20-12-2017,13.4872792883068
21-12-2017,13.678405793386
22-12-2017,13.4536447179161
26-12-2017,13.1575506691013
27-12-2017,13.016411418598
28-12-2017,13.4632167922394
29-12-2017,13.3198386121327
02-01-2018,13.3414572301944
03-01-2018,15.0270766861206
04-01-2018,14.4481704455317
05-01-2018,14.2247927248248
08-01-2018,13.8652816036884
09-01-2018,13.7773424025803
10-01-2018,13.6483422261613
11-01-2018,14.0468737385575
12-01-2018,14.3792539897723
16-01-2018,14.2453496672595
17-01-2018,12.8416553464444
18-01-2018,13.0503387207729
19-01-2018,12.8783752709472
22-01-2018,12.8463896644305
23-01-2018,12.7370964305151
24-01-2018,12.6022306388192
25-01-2018,11.8381978757022
26-01-2018,12.1744075860844
29-01-2018,11.7769072484877
30-01-2018,10.1207911650263
31-01-2018,11.5181601947087
01-02-2018,11.3399044329762
02-02-2018,11.0379162974078
05-02-2018,12.8433387857428
06-02-2018,15.32300623
07-02-2018,15.082030133341
08-02-2018,14.8307395147528
09-02-2018,16.5006316297399
12-02-2018,15.6503051660308
13-02-2018,15.7192175052918
14-02-2018,15.6052520752692
15-02-2018,16.5583253138899
16-02-2018,16.9657829813315
20-02-2018,16.8844961097806
21-02-2018,16.5280279765413
22-02-2018,16.041554320168
23-02-2018,15.7360425920255
26-02-2018,15.4786855791184
27-02-2018,15.3530267429807
28-02-2018,15.9476865472397
01-03-2018,16.1374912362531
02-03-2018,16.6822713500104
05-03-2018,16.5274559205508
06-03-2018,16.459671974346
07-03-2018,16.0077146563393
08-03-2018,16.4744356714018
09-03-2018,16.3707781915871
12-03-2018,18.0596696710832
13-03-2018,18.1175293289549
14-03-2018,18.6007932516333
15-03-2018,18.1560941249858
16-03-2018,17.9184470283804
19-03-2018,17.2887504352667
20-03-2018,17.0885001987272
21-03-2018,16.9159339668592
22-03-2018,16.9574052342642
23-03-2018,17.8033787140764
26-03-2018,17.3291052351489
27-03-2018,18.1880951565159
28-03-2018,19.2014492802531
29-03-2018,19.4483068053047
02-04-2018,19.5256662973457
03-04-2018,20.5300637595966
04-04-2018,20.358855442084
05-04-2018,19.9982284165208
06-04-2018,19.861958689549
09-04-2018,20.1707409197061
10-04-2018,19.2516033021602
11-04-2018,19.5823586903425
12-04-2018,19.5183126588347
13-04-2018,19.6353234580365
16-04-2018,19.4157679
17-04-2018,18.8806035915221
18-04-2018,19.7904014890526
19-04-2018,19.1696712499804
20-04-2018,19.3522861223569
23-04-2018,19.5433832888726
24-04-2018,19.4162625881639
25-04-2018,17.9830799798392
26-04-2018,17.617514193355
27-04-2018,17.9074147399629
30-04-2018,17.6921726862954
01-05-2018,17.684470664986
02-05-2018,17.4765731547898
03-05-2018,17.2492842417259
04-05-2018,16.5757588910557
07-05-2018,16.3578468239879
08-05-2018,16.2704282374273
09-05-2018,15.6909927847343
10-05-2018,16.0113167539715
11-05-2018,16.4295027110173
14-05-2018,15.8309713578553
15-05-2018,15.4368691067777
16-05-2018,15.545124588984
17-05-2018,15.479656218949
18-05-2018,15.0733805520422
21-05-2018,14.85847827
22-05-2018,15.3093626783948
23-05-2018,14.7505263359984
24-05-2018,14.5960111903242
25-05-2018,14.3778477199033
29-05-2018,15.2926451030716
30-05-2018,15.0675629143366
31-05-2018,15.108236555761
01-06-2018,15.1326060044911
04-06-2018,15.0601698620583
05-06-2018,14.72945437
06-06-2018,14.5654690550705
07-06-2018,14.3569868201756
08-06-2018,14.1247423967354
11-06-2018,14.035645919418
12-06-2018,13.9200257603666
13-06-2018,13.1576424823282
14-06-2018,13.1282835075177
15-06-2018,13.4650322674487
18-06-2018,14.1550673589655
19-06-2018,13.9711801873861
20-06-2018,14.0693971420643
21-06-2018,14.1522938297316
22-06-2018,14.5648644897501
25-06-2018,15.1529670822117
26-06-2018,15.0972649377053
27-06-2018,15.4340379426461
28-06-2018,16.2300343997749
29-06-2018,16.0622147241762
02-07-2018,16.1120189907714
03-07-2018,15.936324047044
05-07-2018,15.9158096720923
06-07-2018,16.120562092683
09-07-2018,15.9886566727711
10-07-2018,14.9792492515837
11-07-2018,14.660866578307
12-07-2018,14.5510933670759
13-07-2018,14.788224590877
16-07-2018,14.5815393997613
17-07-2018,14.635900764558
18-07-2018,14.6267104758423
19-07-2018,14.921401825362
20-07-2018,14.0822734723415
23-07-2018,13.2585647542129
24-07-2018,13.4837885058093
25-07-2018,13.3270352019373
26-07-2018,13.3426083263234
27-07-2018,12.9709319792291
30-07-2018,12.8513284012815
31-07-2018,12.7426986273275
01-08-2018,12.9173449963274
02-08-2018,12.8325367055594
03-08-2018,12.9440288553468
06-08-2018,12.7244540411895
07-08-2018,12.3094905446432
08-08-2018,12.2121449381821
09-08-2018,12.2680283015438
10-08-2018,13.6628646962361
13-08-2018,13.7186583193288
14-08-2018,13.7642173943045
15-08-2018,13.5989149759206
16-08-2018,14.5438173014286
17-08-2018,14.2389536226067
20-08-2018,14.4024279724222
21-08-2018,14.4828085031141
22-08-2018,14.2647630736349
23-08-2018,13.9456147605446
24-08-2018,13.8032711420889
27-08-2018,13.6060368544142
28-08-2018,14.0611609031604
29-08-2018,14.045256012587
30-08-2018,14.2388107426301
31-08-2018,14.1495609633963
04-09-2018,13.6710007199894
05-09-2018,13.367530550379
06-09-2018,13.297851118995
07-09-2018,13.1872384019524
10-09-2018,12.7618637309487
11-09-2018,12.7752889953685
12-09-2018,11.9095689298738
13-09-2018,11.5879698202941
14-09-2018,11.5621617814132
17-09-2018,11.2960054103133
18-09-2018,10.9603685116081
19-09-2018,11.1216235463465
20-09-2018,11.2250636011124
21-09-2018,11.4363900222124
24-09-2018,11.2969718559965
25-09-2018,11.5538574839727
26-09-2018,12.1364211363667
27-09-2018,11.9490986780763
28-09-2018,12.0188931330119
01-10-2018,12.4364406849188
02-10-2018,12.3044244775123
03-10-2018,12.2307570888257
04-10-2018,11.6795892639836
05-10-2018,13.5919629060406
08-10-2018,12.4901106135474
09-10-2018,11.1625680928021
10-10-2018,11.3705792715265
11-10-2018,14.4541420207039
12-10-2018,15.5662457872113
15-10-2018,15.4789686392059
16-10-2018,15.480971437673
17-10-2018,16.6596622172522
18-10-2018,16.4234488756171
19-10-2018,16.3625081688399
22-10-2018,16.1692907042649
23-10-2018,16.1696443266421
24-10-2018,14.8068503306231
25-10-2018,16.7359441534601
26-10-2018,16.2532249460521
29-10-2018,15.5160696326469
30-10-2018,15.4009035526784
31-10-2018,14.8513938303508
01-11-2018,14.7226299263139
02-11-2018,15.1145081763906
05-11-2018,15.0611308461934
06-11-2018,14.07507551
07-11-2018,13.1885762942999
08-11-2018,12.4629199053625
09-11-2018,12.3185596668141
12-11-2018,12.7096829702003
13-11-2018,13.0228293795488
14-11-2018,12.7902446488071
15-11-2018,12.6108785254821
16-11-2018,12.3541655191541
19-11-2018,12.4208561307759
20-11-2018,12.690874191048
21-11-2018,13.3314028693864
23-11-2018,13.2823177127164
26-11-2018,13.9182754184044
27-11-2018,13.4096502648643
28-11-2018,13.3679061585736
29-11-2018,13.6646664981036
30-11-2018,13.2234433954465
03-12-2018,13.1898548405496
04-12-2018,14.0209173928002
05-12-2018,15.175423022489
06-12-2018,15.160088041239
07-12-2018,15.9381388266608
10-12-2018,15.8726256025132
11-12-2018,15.7280100911038
12-12-2018,15.6816715985905
13-12-2018,15.6956931645368
14-12-2018,15.5337792728946
17-12-2018,16.0906059534953
18-12-2018,16.8973259107055
19-12-2018,17.5964072995729
20-12-2018,16.9541827627856
21-12-2018,18.1195632857838
24-12-2018,18.309458849539
26-12-2018,18.9080183412479
27-12-2018,21.845207615882
28-12-2018,21.6367107373135
31-12-2018,21.3826478299127
02-01-2019,21.0142476024285
03-01-2019,21.0552520798491
04-01-2019,21.103977001493
07-01-2019,22.9496445556582
08-01-2019,22.8554206694256
09-01-2019,22.1824821206721
10-01-2019,22.6872535771547
11-01-2019,22.5038731792703
14-01-2019,22.4468940177897
15-01-2019,22.2595249766867
16-01-2019,22.1658641383877
17-01-2019,21.5749951588126
18-01-2019,21.7278527034743
22-01-2019,21.5492425100523
23-01-2019,22.5992751299478
24-01-2019,22.4203705251332
25-01-2019,23.2108432141523
28-01-2019,22.6613911993985
29-01-2019,22.036043210004
30-01-2019,22.1219328876953
31-01-2019,22.0745601278535
01-02-2019,21.2491468286695
04-02-2019,20.9312213389665
05-02-2019,20.7973291696897
06-02-2019,19.9564809446294
07-02-2019,18.8382115856505
08-02-2019,19.3436364416263
11-02-2019,19.413663337794
12-02-2019,19.1131420198288
13-02-2019,19.1096052163205
14-02-2019,18.9199480216999
15-02-2019,18.6940899791293
19-02-2019,17.6982842652535
20-02-2019,18.2633207789267
21-02-2019,18.0880464664613
22-02-2019,17.7223116638078
25-02-2019,18.2909646778408
26-02-2019,18.4066554545349
27-02-2019,18.0878813114458
28-02-2019,18.1693669084281
01-03-2019,17.3283590813009
04-03-2019,17.3225636645771
05-03-2019,16.9635470562625
06-03-2019,16.9978222620481
07-03-2019,18.8327393333452
08-03-2019,18.9970125765925
11-03-2019,18.7518665151627
12-03-2019,20.5763142456562
13-03-2019,20.4024418837801
14-03-2019,20.3621102558953
15-03-2019,20.0450642017708
18-03-2019,19.2572501400741
19-03-2019,18.9043841655681
20-03-2019,18.8249367664842
21-03-2019,18.5311539755691
22-03-2019,17.5383297368009
25-03-2019,20.3048634376227
26-03-2019,20.5263407925485
27-03-2019,20.2119355261231
28-03-2019,20.2623454278755
29-03-2019,20.1358671664781
01-04-2019,20.0837896449217
02-04-2019,20.2684367760921
03-04-2019,20.1604689926299
04-04-2019,20.3114801183001
05-04-2019,20.293457885222
08-04-2019,21.086914530254
09-04-2019,20.9385145406964
10-04-2019,21.2959079598161
11-04-2019,21.3863422327978
12-04-2019,20.9200616808259
15-04-2019,20.0417113408972
16-04-2019,19.7171404349376
17-04-2019,19.6702686295981
18-04-2019,19.12860263
22-04-2019,18.6807034240329
23-04-2019,18.428687016707
24-04-2019,18.7677212330327
25-04-2019,18.124337606807
26-04-2019,18.5945954370258
29-04-2019,18.1918406373581
30-04-2019,17.7877289250856
01-05-2019,17.4631002765637
02-05-2019,17.5371338347879
03-05-2019,17.3813375567999
06-05-2019,17.3349491147647
07-05-2019,17.7769515930347
08-05-2019,16.5116366213612
09-05-2019,15.9515018914563
10-05-2019,16.5087935759076
13-05-2019,16.805362084914
14-05-2019,19.0822247946681
15-05-2019,19.0211713848998
16-05-2019,18.7287698206639
17-05-2019,18.666459138017
20-05-2019,17.7777435794149
21-05-2019,16.6677978955611
22-05-2019,17.4070974732176
23-05-2019,16.6476262542189
24-05-2019,18.3209030994529
28-05-2019,17.9521886211359
29-05-2019,17.6290810874264
30-05-2019,17.50289477
31-05-2019,17.0559714543367
03-06-2019,16.847448838934
04-06-2019,16.9795881799701
05-06-2019,17.8386382328116
06-06-2019,17.6527186466124
07-06-2019,17.5336792821249
10-06-2019,17.6807048369482
11-06-2019,17.8327284951812
12-06-2019,17.2531434951701
13-06-2019,17.3671066374216
14-06-2019,17.6721933181921
17-06-2019,17.6274567239907
18-06-2019,18.2213399271432
19-06-2019,18.6563562526227
20-06-2019,18.5238758327268
21-06-2019,19.6410229714735
24-06-2019,19.3471385159877
25-06-2019,19.0537680280107
26-06-2019,18.8220342223424
27-06-2019,18.7845920585622
28-06-2019,18.7838697160148
01-07-2019,18.6728369274832
02-07-2019,18.8565044309886
03-07-2019,19.1723773481174
05-07-2019,18.9684632
08-07-2019,17.800050648503
09-07-2019,17.7204415290868
10-07-2019,17.5979120169159
11-07-2019,18.3239662114175
12-07-2019,17.8017112491062
15-07-2019,17.7125101951409
16-07-2019,17.3690188385201
17-07-2019,17.6453762398444
18-07-2019,17.3778788033313
19-07-2019,16.787028172643
22-07-2019,16.6901321557785
23-07-2019,15.7250579077125
24-07-2019,15.4643499823334
25-07-2019,16.0009746762061
26-07-2019,16.2149151840784
29-07-2019,16.0611893975103
30-07-2019,15.7206779593564
31-07-2019,15.143012740079
01-08-2019,15.2542627981005
02-08-2019,15.5936989828014
05-08-2019,15.3593937942094
06-08-2019,18.7491840789201
07-08-2019,18.7964919324647
08-08-2019,19.266435457091
09-08-2019,20.5543706205071
12-08-2019,20.8205549412818
13-08-2019,20.8564921684107
14-08-2019,19.9768910509547
15-08-2019,21.6985558837402
16-08-2019,21.080156055081
19-08-2019,21.2623016060698
20-08-2019,21.3757760592766
21-08-2019,21.3426205330707
22-08-2019,21.2222289416963
23-08-2019,21.1540344384792
26-08-2019,21.8506667314556
27-08-2019,21.491168143729
28-08-2019,21.2181436654322
29-08-2019,21.2991651972529
30-08-2019,21.5458315395057
03-09-2019,21.3932478398714
04-09-2019,21.7486866788751
05-09-2019,22.7450658789481
06-09-2019,22.4719305958954
09-09-2019,22.0361004263382
10-09-2019,21.5739698462614
11-09-2019,21.2683863712602
12-09-2019,21.8789115797929
13-09-2019,20.6792088642666
16-09-2019,20.2736811452131
17-09-2019,20.5814829015294
18-09-2019,20.4886649422924
19-09-2019,20.3099638045416
20-09-2019,19.6975639959253
23-09-2019,19.4614996201974
24-09-2019,18.9032540911092
25-09-2019,18.861502935892
26-09-2019,18.8136703897589
27-09-2019,18.5140919095546
30-09-2019,19.1987187549658
01-10-2019,19.2283982513511
02-10-2019,19.3478688697445
03-10-2019,20.0259969687952
04-10-2019,19.7362043369936
07-10-2019,21.3055412497998
08-10-2019,20.9973067583458
09-10-2019,21.1144351526833
10-10-2019,21.3953685897735
11-10-2019,21.4737722404377
14-10-2019,22.0995688575566
15-10-2019,21.2924113046464
16-10-2019,21.1227956953962
17-10-2019,19.7553010776694
18-10-2019,20.0571516930289
21-10-2019,19.2707718410069
22-10-2019,20.0122436812609
23-10-2019,19.0313604028398
24-10-2019,19.1929448748856
25-10-2019,17.5468551156193
28-10-2019,17.2512310752091
29-10-2019,17.1537384750083
30-10-2019,16.8643600913965
31-10-2019,16.5112818515261
01-11-2019,17.0540857972946
04-11-2019,17.9767317608635
05-11-2019,17.196504473513
06-11-2019,16.5998498713049
07-11-2019,16.4230470647712
08-11-2019,16.0387296584609
11-11-2019,15.8644042588414
12-11-2019,15.7063697303086
13-11-2019,14.6500918898079
14-11-2019,14.8696241352306
15-11-2019,14.4885092067477
18-11-2019,15.0755183117756
19-11-2019,14.522239937491
20-11-2019,15.6952854419311
21-11-2019,15.4393320582966
22-11-2019,15.3326992126343
25-11-2019,14.6630411504337
26-11-2019,15.2013943055049
27-11-2019,14.6517318446379
29-11-2019,14.6819816419562
02-12-2019,14.2778846056215
03-12-2019,14.1852260342435
04-12-2019,14.035544903231
05-12-2019,14.680138314215
06-12-2019,14.7238779050057
09-12-2019,14.8194287469686
10-12-2019,14.9330445754442
11-12-2019,14.8909757037743
12-12-2019,15.3711335144893
13-12-2019,15.923236496959
16-12-2019,15.8673048454812
17-12-2019,16.8868766333691
18-12-2019,16.8130671834619
19-12-2019,16.4627431377477
20-12-2019,16.2186536909682
23-12-2019,16.3502583294193
24-12-2019,15.8039247549644
26-12-2019,15.838336185041
27-12-2019,15.8810062802652
30-12-2019,15.7979395361798
31-12-2019,15.6290836859961
02-01-2020,15.3616253707829
03-01-2020,16.4833626594637
06-01-2020,16.8503946010437
07-01-2020,15.4997022968271
08-01-2020,15.2823772245846
09-01-2020,15.3928449257036
10-01-2020,15.3642246368973
13-01-2020,14.4555682569711
14-01-2020,15.2934235966513
15-01-2020,15.5356932405234
16-01-2020,14.8193259027806
17-01-2020,15.8290120551714
21-01-2020,15.6063047636749
22-01-2020,15.149310755008
23-01-2020,13.8531889367545
24-01-2020,13.6422064955621
27-01-2020,13.2137329311465
28-01-2020,16.9037888002291
29-01-2020,17.4714663249803
30-01-2020,17.334637709526
31-01-2020,17.0373545333972
03-02-2020,18.2667503383743
04-02-2020,18.5106436380749
05-02-2020,19.7720778837007
06-02-2020,19.7913229033127
07-02-2020,19.7067033673853
10-02-2020,20.2373664354452
11-02-2020,20.1663292153023
12-02-2020,20.7638257704232
13-02-2020,20.9098049234882
14-02-2020,20.7593428698777
18-02-2020,20.6642097339159
19-02-2020,20.3663171110387
20-02-2020,21.8698618495368
21-02-2020,21.1289702971709
24-02-2020,20.8520444337656
25-02-2020,23.5304067244427
26-02-2020,24.5942933797158
27-02-2020,22.2539430129677
28-02-2020,24.3637641073085
02-03-2020,23.6734039060206
03-03-2020,25.2629644646011
04-03-2020,24.8939916488585
05-03-2020,24.9308687142792
06-03-2020,24.8639084415992
09-03-2020,25.9300802704072
10-03-2020,33.1278801307936
11-03-2020,33.5009435189341
12-03-2020,34.3973608880012
13-03-2020,36.2379869596939
16-03-2020,36.496104710868
17-03-2020,37.6121172929224
18-03-2020,37.1967567315068
19-03-2020,38.4435131979311
20-03-2020,37.9576981706009
23-03-2020,36.9834333450412
24-03-2020,36.3722471312157
25-03-2020,37.1982192179942
26-03-2020,36.5189178032313
27-03-2020,35.781075397991
30-03-2020,36.0772202684299
31-03-2020,35.7921180811006
01-04-2020,35.4501393641068
02-04-2020,35.6121845200275
03-04-2020,35.3576468380006
06-04-2020,34.9960476875485
07-04-2020,35.1500631733429
08-04-2020,34.8227560771365
09-04-2020,34.0557934285246
13-04-2020,33.4643311020837
14-04-2020,33.1956538626763
15-04-2020,32.7266112785873
16-04-2020,32.7925724316285
17-04-2020,32.4576116151009
20-04-2020,32.4322005989992
21-04-2020,30.4159350720245
22-04-2020,30.7126721330599
23-04-2020,30.9101075972484
24-04-2020,30.6935620836375
27-04-2020,30.1049559528758
28-04-2020,29.8412968968293
29-04-2020,29.5715509795409
30-04-2020,30.1615919922413
01-05-2020,30.3877722630606
04-05-2020,30.5708672650934
05-05-2020,30.2607771242697
06-05-2020,30.3790424088399
07-05-2020,29.3874729959699
08-05-2020,29.0686746370395
11-05-2020,29.3024953421266
12-05-2020,27.9504965960424
13-05-2020,27.7647402671112
14-05-2020,27.8466560914286
15-05-2020,27.1160426261358
18-05-2020,26.3596603516395
19-05-2020,28.3236566045042
20-05-2020,27.9722328896462
21-05-2020,28.2007701242419
22-05-2020,27.8128504385979
26-05-2020,27.5401381555589
27-05-2020,28.3277498484282
28-05-2020,27.9165684930206
29-05-2020,27.2526070373519
01-06-2020,27.0805043763175
02-06-2020,26.7373413286288
03-06-2020,26.2559372266757
04-06-2020,26.9056473667229
05-06-2020,26.3987502301129
08-06-2020,27.0067163689384
09-06-2020,26.8733040139821
10-06-2020,26.7312987294621
11-06-2020,25.4599120245508
12-06-2020,29.0621321781892
15-06-2020,28.4413103166562
16-06-2020,28.2017556864063
17-06-2020,28.0834469540423
18-06-2020,27.9254306874454
19-06-2020,27.7180284940144
22-06-2020,27.1313833510487
23-06-2020,26.6822915132532
24-06-2020,26.4056282201451
25-06-2020,27.3941736440101
26-06-2020,27.1242675729471
29-06-2020,27.7664983308074
30-06-2020,28.8712503811653
01-07-2020,28.4777521758279
02-07-2020,27.9289983834216
06-07-2020,27.7296304005557
07-07-2020,27.1227344786091
08-07-2020,26.7675133818467
09-07-2020,27.0901136738272
10-07-2020,26.9553391355675
13-07-2020,26.857599230665
14-07-2020,26.6396728666972
15-07-2020,25.9870515011515
16-07-2020,26.1933010312187
17-07-2020,26.1201793245513
20-07-2020,25.9190689967309
21-07-2020,24.0513244695979
22-07-2020,24.0463655940279
23-07-2020,23.793832094137
24-07-2020,23.6387590670742
27-07-2020,23.9881623601622
28-07-2020,23.5741524637099
29-07-2020,23.5993770470836
30-07-2020,23.419829924002
31-07-2020,22.9648955560892
03-08-2020,22.7588917227851
04-08-2020,22.4148447726546
05-08-2020,21.242702095196
06-08-2020,21.9162750472106
07-08-2020,21.8434547295984
10-08-2020,21.7024921462123
11-08-2020,21.8354216285925
12-08-2020,21.5140487910067
13-08-2020,22.1926776702591
14-08-2020,22.0300290413098
17-08-2020,21.667923902047
18-08-2020,21.7741613737722
19-08-2020,21.1243633598195
20-08-2020,20.5997883890852
21-08-2020,21.5684448635723
24-08-2020,21.3390483109456
25-08-2020,21.8570876984915
26-08-2020,21.5314920392809
27-08-2020,21.336107182026
28-08-2020,21.353621033257
31-08-2020,21.167010124099
01-09-2020,21.3357479826708
02-09-2020,21.0454926915191
03-09-2020,20.0904047233612
04-09-2020,22.1571860517187
08-09-2020,20.3324323475705
09-09-2020,19.2783391367955
10-09-2020,19.5062986883017
11-09-2020,19.7885229274489
14-09-2020,19.7866008779368
15-09-2020,19.9878243012098
16-09-2020,20.2665695277721
17-09-2020,20.3224712983991
18-09-2020,19.767688325657
21-09-2020,19.58745236
22-09-2020,19.6901688341209
23-09-2020,19.5082684428334
24-09-2020,18.9466023878188
25-09-2020,18.6573538350328
28-09-2020,18.2023315152106
29-09-2020,18.337966436066
30-09-2020,18.3265848796676
01-10-2020,18.4728984314584
02-10-2020,19.5564802633442
05-10-2020,19.0492220307962
06-10-2020,20.8829834232355
07-10-2020,20.7573398090491
08-10-2020,21.8806322040378
09-10-2020,21.6470972412818
12-10-2020,21.8486457313315
13-10-2020,21.3521061366258
14-10-2020,21.0342117433272
15-10-2020,20.873341329659
16-10-2020,21.0232122851153
19-10-2020,20.9245221487902
20-10-2020,20.7270073367531
21-10-2020,20.5918212885838
22-10-2020,22.5977276501328
23-10-2020,22.3446478019378
26-10-2020,22.221604920837
27-10-2020,23.5527153253812
28-10-2020,23.0178904995145
29-10-2020,23.9310889849272
30-10-2020,23.979328255037
02-11-2020,23.7669521400087
03-11-2020,24.1110088593289
04-11-2020,24.0283737784523
05-11-2020,23.2623266186813
06-11-2020,27.4866689414435
09-11-2020,27.4984508390261
10-11-2020,28.2331462978151
11-11-2020,27.6683760700495
12-11-2020,27.8626036854447
13-11-2020,27.5737328262098
16-11-2020,27.1139850210575
17-11-2020,27.4716178831721
18-11-2020,27.0767073609272
19-11-2020,26.0453371729391
20-11-2020,25.5815978556431
23-11-2020,25.4235456520454
24-11-2020,25.7899063365882
25-11-2020,24.5145880477031
27-11-2020,24.5261059400947
30-11-2020,24.7614314333573
01-12-2020,23.9538763888421
02-12-2020,23.5317125157046
03-12-2020,23.1614747325458
04-12-2020,23.1007415627373
07-12-2020,23.1690355341816
08-12-2020,22.9396953042645
09-12-2020,23.0075062672451
10-12-2020,24.0817089322613
11-12-2020,24.3028463344785
14-12-2020,24.0102026656385
15-12-2020,23.1985619105363
16-12-2020,26.042582213597
17-12-2020,25.9166943585043
18-12-2020,25.7168229447451
21-12-2020,25.1886748944667
22-12-2020,24.6475757399779
23-12-2020,25.4350492999003
24-12-2020,24.949343337072
28-12-2020,24.784986026047
29-12-2020,23.6186990637747
30-12-2020,23.1249306012679
31-12-2020,23.1534248184232
04-01-2021,22.9392871639201
05-01-2021,22.7536904580426
06-01-2021,23.512697844488
07-01-2021,27.3881589081925
08-01-2021,30.0118939339872
11-01-2021,29.5535967380349
12-01-2021,29.3027096476179
13-01-2021,28.7981495264346
14-01-2021,27.4369096820076
15-01-2021,27.0900241551763
19-01-2021,28.4462943887236
20-01-2021,28.7609405959486
21-01-2021,28.4734038316291
22-01-2021,27.6914249541305
25-01-2021,27.2915810275607
26-01-2021,26.8665399153735
27-01-2021,25.6092647336906
28-01-2021,26.1257005346235
29-01-2021,25.8457622343645
01-02-2021,25.9578026891585
02-02-2021,26.7472470052094
03-02-2021,26.7150689601498
04-02-2021,26.4338962554379
05-02-2021,26.3007236511011
08-02-2021,26.0160921028741
09-02-2021,26.924993140792
10-02-2021,26.6494570904652
11-02-2021,25.7765531148803
12-02-2021,25.051645385132
16-02-2021,24.6954884673619
17-02-2021,24.1115517287103
18-02-2021,24.1206031667038
19-02-2021,26.0778053648359
22-02-2021,26.2336195587076
23-02-2021,27.9067333916199
24-02-2021,27.6937876759712
25-02-2021,27.1131138140257
26-02-2021,28.2790034320447
01-03-2021,27.4351093182473
02-03-2021,27.4642909128411
03-03-2021,26.1097213821119
04-03-2021,26.6406026577117
05-03-2021,27.1684910235228
08-03-2021,26.8588807999656
09-03-2021,26.4520256396042
10-03-2021,27.9053692615623
11-03-2021,27.724708474584
12-03-2021,27.9475705003674
15-03-2021,27.5681528417144
16-03-2021,27.1163313891336
17-03-2021,26.9485873551638
18-03-2021,26.634065811798
19-03-2021,27.8021096862372
22-03-2021,27.6644764653932
23-03-2021,27.6639648328584
24-03-2021,28.5014269792301
25-03-2021,28.4343200990249
26-03-2021,28.2586509453473
29-03-2021,28.4774165357352
30-03-2021,28.2448787035749
31-03-2021,28.4926270060885
01-04-2021,28.438481076612
02-04-2021,28.6735120460615
05-04-2021,28.4887111882945
06-04-2021,28.6909327009324
07-04-2021,28.3313265336917
08-04-2021,28.6936963342764
09-04-2021,28.4163044621675
12-04-2021,28.1912114783967
13-04-2021,28.4930147600842
14-04-2021,28.2099251481605
15-04-2021,27.8933901575481
16-04-2021,27.4688399788043
19-04-2021,27.3820351869702
20-04-2021,28.2334728286535
21-04-2021,27.9185383408979
22-04-2021,27.6154477176218
23-04-2021,27.1834014747216
26-04-2021,26.98759628
27-04-2021,26.8785103742038
28-04-2021,26.6471358576717
29-04-2021,26.431594918065
30-04-2021,26.4843826294562
03-05-2021,27.0192925686634
04-05-2021,26.627493209448
05-05-2021,28.4887487761483
06-05-2021,28.1272125029427
07-05-2021,27.5095678489147
10-05-2021,27.2177327958312
11-05-2021,29.7347572983306
12-05-2021,29.0131326255858
13-05-2021,29.9195146503629
14-05-2021,29.6365324054935
17-05-2021,30.6352466041255
18-05-2021,30.4192561741826
19-05-2021,30.0000683130652
20-05-2021,29.9941924211327
21-05-2021,29.7272950198647
24-05-2021,29.0337405922796
25-05-2021,28.5391067792213
26-05-2021,27.9110422890991
27-05-2021,28.074167417926
28-05-2021,27.7506121736328
01-06-2021,27.5225997146046
02-06-2021,27.5851882984215
03-06-2021,27.3492931972745
04-06-2021,27.3506423848562
07-06-2021,27.1564791431644
08-06-2021,26.5814087095217
09-06-2021,25.5199781397074
10-06-2021,25.3943118735619
11-06-2021,24.6817553073385
14-06-2021,24.4767053384842
15-06-2021,23.8425039962609
16-06-2021,24.0216886764266
17-06-2021,23.9272446545727
18-06-2021,23.5565597873069
21-06-2021,24.7367427927861
22-06-2021,25.5153350412827
23-06-2021,25.2602407463557
24-06-2021,25.0209639324215
25-06-2021,25.2890053398644
28-06-2021,24.3453562940519
29-06-2021,24.2177584232138
30-06-2021,23.3104604290842
01-07-2021,22.9952175460108
02-07-2021,22.0875002458276
06-07-2021,21.924849834287
07-07-2021,22.6958869709871
08-07-2021,21.373881844995
09-07-2021,21.0545744380335
12-07-2021,21.2405168623424
13-07-2021,20.6206413867492
14-07-2021,20.2025112579892
15-07-2021,19.7508034653034
16-07-2021,17.9823647444084
19-07-2021,17.8985683930711
20-07-2021,18.7450511339767
21-07-2021,19.1224124038357
22-07-2021,21.0899266628603
23-07-2021,20.7349375882453
26-07-2021,20.5851574822891
27-07-2021,20.8067940074604
28-07-2021,20.7155131395771
29-07-2021,21.3577062762382
30-07-2021,21.1584620872039
02-08-2021,20.6844144066496
03-08-2021,20.4859502775235
04-08-2021,20.530055080637
05-08-2021,20.9445991444044
06-08-2021,20.577571933102
09-08-2021,19.8356982141807
10-08-2021,19.079549207706
11-08-2021,19.1619077239553
12-08-2021,18.9297405317004
13-08-2021,18.3072934769488
16-08-2021,18.5598037931359
17-08-2021,18.5990975089593
18-08-2021,18.6683366288415
19-08-2021,18.1383440340338
20-08-2021,18.6129591130549
23-08-2021,17.8080332431755
24-08-2021,18.7885453628805
25-08-2021,20.2056842434797
26-08-2021,20.63136864
27-08-2021,21.1290818377071
30-08-2021,21.8789665229211
31-08-2021,20.58851075
01-09-2021,20.0494781480913
02-09-2021,19.7176833037409
03-09-2021,19.7831016975561
07-09-2021,20.1423058878665
08-09-2021,19.557320123938
09-09-2021,20.0411614686803
10-09-2021,19.0267336713288
13-09-2021,18.9074242853761
14-09-2021,18.2001578386216
15-09-2021,18.1591693802378
16-09-2021,18.08039384
17-09-2021,17.9351873158589
20-09-2021,17.493985858177
21-09-2021,18.2697618784903
22-09-2021,17.7989894128272
23-09-2021,17.4618025023513
24-09-2021,18.1113239098376
27-09-2021,18.0246459152845
28-09-2021,18.8215947318685
29-09-2021,20.2911935332382
30-09-2021,20.215501200211
01-10-2021,19.9486868442741
04-10-2021,19.7899063274588
05-10-2021,18.6858001747145
06-10-2021,18.6112122277236
07-10-2021,18.6813489573855
08-10-2021,19.3053874241106
11-10-2021,19.0583423122491
12-10-2021,18.4989876091055
13-10-2021,18.5884912922041
14-10-2021,20.0030971577271
15-10-2021,19.9948698437013
18-10-2021,19.1932439614277
19-10-2021,19.1972792877364
20-10-2021,19.4468983874311
21-10-2021,18.4355103453437
22-10-2021,18.0360701048361
25-10-2021,17.741794824091
26-10-2021,17.6412206737908
27-10-2021,17.1809470372412
28-10-2021,16.9657972300892
29-10-2021,17.4210512667371
01-11-2021,17.1917569663002
02-11-2021,17.5163790492939
03-11-2021,17.9340661224901
04-11-2021,18.1259730794323
05-11-2021,17.177180322134
08-11-2021,16.5997105364574
09-11-2021,16.6966496329779
10-11-2021,14.302711598422
11-11-2021,14.1281716558483
12-11-2021,14.0608508000389
15-11-2021,14.0626493384675
16-11-2021,14.762431445023
17-11-2021,14.6684645186155
18-11-2021,14.3648837630037
19-11-2021,14.4392384691883
22-11-2021,14.207465962852
23-11-2021,14.1609209923426
24-11-2021,14.2844105469725
26-11-2021,14.3935273558851
29-11-2021,16.7601194523823
30-11-2021,16.5355632305928
01-12-2021,16.7749949042527
02-12-2021,16.9313565589591
03-12-2021,16.6067966450317
06-12-2021,17.3562535951485
07-12-2021,17.4252913564363
08-12-2021,18.8049338075428
09-12-2021,18.3610158965281
10-12-2021,18.4841131145849
13-12-2021,18.344033146573
14-12-2021,18.1151392129375
15-12-2021,18.761232557103
16-12-2021,18.4811252213214
17-12-2021,17.7086511480787
20-12-2021,17.9848357533118
21-12-2021,19.6923337143754
22-12-2021,20.2212405872078
23-12-2021,19.7168782988074
27-12-2021,19.4270219716035
28-12-2021,18.5326667388348
29-12-2021,18.1826008054575
30-12-2021,18.095955264194
31-12-2021,18.2923827744479
03-01-2022,18.0402716840896
04-01-2022,17.8604368957392
05-01-2022,17.9679899255585
06-01-2022,19.3216715165663
07-01-2022,19.7304504210644
10-01-2022,19.6753666315795
11-01-2022,19.8955745212855
12-01-2022,20.5263109053642
13-01-2022,20.03984574
14-01-2022,20.0166482664302
18-01-2022,19.9864315619523
19-01-2022,20.2958321110529
20-01-2022,20.0449841536625
21-01-2022,19.3871141021736
24-01-2022,21.516628596169
25-01-2022,20.9847555730313
26-01-2022,21.6597494908257
27-01-2022,19.9849165100429
28-01-2022,20.0424692181475
31-01-2022,19.5613003794482
01-02-2022,21.1306673274541
02-02-2022,20.9995315903002
03-02-2022,20.5578309313403
04-02-2022,20.6421242283843
07-02-2022,20.0740364460514
08-02-2022,19.8046635963901
09-02-2022,19.674792485574
10-02-2022,20.2311694714642
11-02-2022,20.3174816933711
14-02-2022,19.7089559927543
15-02-2022,19.3950624863675
16-02-2022,21.912436722157
17-02-2022,21.6452201001398
18-02-2022,21.566541988471
22-02-2022,21.7796714327122
23-02-2022,21.7487045044824
24-02-2022,21.5200743302086
25-02-2022,22.8603979889407
28-02-2022,23.6995132748502
01-03-2022,26.2032058961799
02-03-2022,26.0741111148551
03-03-2022,25.9620290698299
04-03-2022,24.6587571770955
07-03-2022,24.6192160214634
08-03-2022,23.8275975056136
09-03-2022,25.307262841944
10-03-2022,24.4204561760295
11-03-2022,23.2036927558785
14-03-2022,22.8389109040801
15-03-2022,24.0320358197568
16-03-2022,23.7173474949531
17-03-2022,23.9870418140368
18-03-2022,24.2095681949979
21-03-2022,24.111760010851
22-03-2022,24.0420286690167
23-03-2022,23.8173709193898
24-03-2022,23.6622725101314
25-03-2022,23.2686986269899
28-03-2022,23.3467872968829
29-03-2022,23.3714940523936
30-03-2022,23.225859547474
31-03-2022,22.9338787762059
01-04-2022,22.6670973051059
04-04-2022,22.5875696095296
05-04-2022,21.9928300468663
06-04-2022,21.7691413061262
07-04-2022,22.5576771831595
08-04-2022,21.984402381209
11-04-2022,21.4987483241258
12-04-2022,21.5883877373839
13-04-2022,21.686421931494
14-04-2022,20.9696063883606
18-04-2022,20.7525314442113
19-04-2022,20.6396957909674
20-04-2022,20.4407586338834
21-04-2022,19.9339447497354
22-04-2022,22.6018417330305
25-04-2022,23.5432578597316
26-04-2022,24.8421738674043
27-04-2022,24.6236843122124
28-04-2022,24.3599264441598
29-04-2022,24.6176872700818
02-05-2022,22.9887541213438
03-05-2022,22.9575410763024
04-05-2022,22.8225391178286
05-05-2022,22.7676578681749
06-05-2022,23.2357749947642
09-05-2022,24.1021409019518
10-05-2022,25.143519883555
11-05-2022,25.0969963818842
12-05-2022,24.9939346075114
13-05-2022,24.7005356774981
16-05-2022,25.7687965932827
17-05-2022,25.2564093453014
18-05-2022,25.8130612877985
19-05-2022,25.3963830399976
20-05-2022,25.4714182628986
23-05-2022,24.9685772207867
24-05-2022,24.9613983681166
25-05-2022,24.5102800215734
26-05-2022,24.4201540710114
27-05-2022,25.0002380655314
31-05-2022,25.7062784136497
01-06-2022,25.1828432112736
02-06-2022,25.0242419332421
03-06-2022,25.3555507730757
06-06-2022,24.829699880682
07-06-2022,23.7670627528514
08-06-2022,22.8201237890181
09-06-2022,22.455005360423
10-06-2022,22.4446238889436
13-06-2022,23.1376666986033
14-06-2022,24.8053953678933
15-06-2022,25.0185301240625
16-06-2022,24.8483983851021
17-06-2022,24.8785876846629
21-06-2022,24.5371683276599
22-06-2022,24.7826190192924
23-06-2022,24.7803066442954
24-06-2022,24.279370556131
27-06-2022,24.5131597505041
28-06-2022,24.5335023330057
29-06-2022,24.185616687386
30-06-2022,25.129338342153
01-07-2022,24.8556027443285
05-07-2022,23.3705990526623
06-07-2022,23.4099171623642
07-07-2022,23.2654246558808
08-07-2022,23.9266744838998
11-07-2022,23.7238416283231
12-07-2022,24.4081537195633
13-07-2022,24.9015937066352
14-07-2022,24.7323080329528
15-07-2022,24.7907266981059
18-07-2022,24.1879670734362
19-07-2022,24.2321171459218
20-07-2022,24.2937458794527
21-07-2022,23.9943757071249
22-07-2022,23.7268766876867
25-07-2022,23.6284646414285
26-07-2022,23.4275896778263
27-07-2022,23.51862983
28-07-2022,25.0887218869767
29-07-2022,26.2779082361279
01-08-2022,26.1258702555285
02-08-2022,25.7740935422937
03-08-2022,25.2367248259085
04-08-2022,25.0951092587903
05-08-2022,24.6849966668737
08-08-2022,24.7381763745259
09-08-2022,23.9263707805995
10-08-2022,24.0961508868993
11-08-2022,26.2212290126798
12-08-2022,25.5750030957546
15-08-2022,25.3898245834325
16-08-2022,25.2181355945149
17-08-2022,25.260185512498
18-08-2022,24.9603992841031
19-08-2022,24.5224119947332
22-08-2022,25.4439987971929
23-08-2022,25.7596009511254
24-08-2022,25.7362781784059
25-08-2022,25.6274565656179
26-08-2022,25.6145772541794
29-08-2022,25.8856153710722
30-08-2022,25.8562581784862
31-08-2022,25.9457466382533
01-09-2022,25.8666488129835
02-09-2022,26.4941737148722
06-09-2022,26.5360198959807
07-09-2022,25.8364194501518
08-09-2022,26.2894677558571
09-09-2022,26.1673476825188
12-09-2022,26.3052817222794
13-09-2022,26.2623775304008
14-09-2022,26.951758984279
15-09-2022,26.8255192696232
16-09-2022,27.268628511338
19-09-2022,27.1719566846337
20-09-2022,26.8917456792157
21-09-2022,26.333449825064
22-09-2022,26.3210215442122
23-09-2022,26.0093084628954
26-09-2022,27.648816297311
27-09-2022,28.089461311999
28-09-2022,27.5854181549516
29-09-2022,27.3106339370617
30-09-2022,27.951311753598
03-10-2022,27.4076779335714
04-10-2022,29.4261928413787
05-10-2022,30.0200550856352
06-10-2022,30.5293176573072
07-10-2022,30.1772154926849
10-10-2022,29.5852684053355
11-10-2022,29.5886611646125
12-10-2022,29.2853863199929
13-10-2022,29.0370787727072
14-10-2022,29.0291182836583
17-10-2022,28.6331679813005
18-10-2022,28.3438603129236
19-10-2022,28.3102962663994
20-10-2022,27.8366714366308
21-10-2022,27.6066425558333
24-10-2022,27.378563955749
25-10-2022,26.8488985089456
26-10-2022,25.9912842041564
27-10-2022,25.8875428239722
28-10-2022,25.7481684720655
31-10-2022,25.2235378918784
01-11-2022,24.6769334406203
02-11-2022,24.8707752213055
03-11-2022,24.4205703527315
04-11-2022,23.8506532860371
07-11-2022,25.2290681941068
08-11-2022,24.6461073158495
09-11-2022,23.9417660190044
10-11-2022,24.82268335
11-11-2022,26.7409429300818
14-11-2022,27.2701344822884
15-11-2022,26.9964557356248
16-11-2022,27.0742936042817
17-11-2022,27.3260604683955
18-11-2022,27.4028169234663
21-11-2022,26.9059578160189
22-11-2022,26.8968277318411
23-11-2022,26.859001987172
25-11-2022,26.8339016378489
28-11-2022,26.2311229777521
29-11-2022,26.5567690714948
30-11-2022,26.3353818568038
01-12-2022,26.9907046026212
02-12-2022,26.8158099895401
05-12-2022,26.6717045568959
06-12-2022,26.8209411980027
07-12-2022,27.1826025613791
08-12-2022,27.2235355557366
09-12-2022,27.1308850344232
12-12-2022,26.7920439562721
13-12-2022,25.9769174765391
14-12-2022,25.6992465602294
15-12-2022,25.2659485580786
16-12-2022,25.6682594760691
19-12-2022,25.5024457249133
20-12-2022,24.9898299214227
21-12-2022,24.620162227495
22-12-2022,24.9042796403889
23-12-2022,24.8923486624724
27-12-2022,24.8697251817812
28-12-2022,24.514620995798
29-12-2022,24.0792499621041
30-12-2022,24.1129749200496
03-01-2023,23.7124318919368
04-01-2023,23.8659470345046
05-01-2023,22.9292964724767
06-01-2023,22.7150216078058
09-01-2023,23.8132445816357
10-01-2023,24.030626858651
11-01-2023,23.9727889775734
12-01-2023,24.1497431650316
13-01-2023,24.4883510069315
17-01-2023,24.1146142046693
18-01-2023,23.7644745528673
19-01-2023,23.6631063671227
20-01-2023,25.1933907428816
23-01-2023,24.6433111426091
24-01-2023,24.4593914285793
25-01-2023,24.1286725802243
26-01-2023,23.8687634567718
27-01-2023,23.5915516520895
30-01-2023,23.3281225527705
31-01-2023,23.708680413173
01-02-2023,24.7365145680629
02-02-2023,24.354307952473
03-02-2023,24.1969523900556
06-02-2023,25.4767413547829
07-02-2023,25.7437324466389
08-02-2023,25.6481598216435
09-02-2023,25.2286208506755
10-02-2023,25.0708782190105
13-02-2023,24.926478757157
14-02-2023,24.8829956048893
15-02-2023,24.3064298173038
16-02-2023,24.2915355572616
17-02-2023,24.3275788445489
21-02-2023,24.4813098778481
22-02-2023,24.3746758523682
23-02-2023,24.4628607956882
24-02-2023,24.543802037442
27-02-2023,24.2766503162728
28-02-2023,24.2898594611536
01-03-2023,24.2151118244126
02-03-2023,22.8749363699397
03-03-2023,22.805831262521
06-03-2023,22.6447468527548
07-03-2023,22.9369967642466
08-03-2023,23.208324922138
09-03-2023,22.6069484028319
10-03-2023,22.706310402175
13-03-2023,23.1562329239248
14-03-2023,23.019560454596
15-03-2023,22.7906688620429
16-03-2023,24.1297071864488
17-03-2023,24.0650715928239
20-03-2023,24.6127708244441
21-03-2023,24.2920766807293
22-03-2023,24.1157214345946
23-03-2023,24.1639021744292
24-03-2023,23.9328468587979
27-03-2023,23.9453754592496
28-03-2023,24.078352463812
29-03-2023,23.517086229524
30-03-2023,24.0944056284891
31-03-2023,24.7153937320715
03-04-2023,24.4623136108945
04-04-2023,24.9689802738609
05-04-2023,25.0224615107514
06-04-2023,25.3139379990716
07-04-2023,25.2449170731489
10-04-2023,25.1311851507995
11-04-2023,25.0745429291519
12-04-2023,25.2874566462106
13-04-2023,25.5371727820918
14-04-2023,25.4257493145917
17-04-2023,25.2560395370266
18-04-2023,25.2849168021445
19-04-2023,24.8049486968028
20-04-2023,24.6412987960077
21-04-2023,24.4586281911582
24-04-2023,24.2056187717171
25-04-2023,23.9287342528045
26-04-2023,24.5836491912788
27-04-2023,25.5398414588901
28-04-2023,25.497053131625
01-05-2023,25.467236665829
02-05-2023,25.0640403053408
03-05-2023,25.9214823269894
04-05-2023,25.4678547386433
05-05-2023,25.017577038238
08-05-2023,26.1803147758043
09-05-2023,26.0425469493424
10-05-2023,25.716875888044
11-05-2023,24.9964757078874
12-05-2023,24.0396485499129
15-05-2023,23.7257361271797
16-05-2023,23.6258735841443
17-05-2023,23.595741934166
18-05-2023,23.9557436505558
19-05-2023,23.9832480444616
22-05-2023,23.9835207606737
23-05-2023,24.15248413
24-05-2023,24.1770001377186
25-05-2023,24.1918187075171
26-05-2023,25.2257718225503
30-05-2023,24.2999767284056
31-05-2023,23.6810089963689
01-06-2023,23.925121567181
02-06-2023,24.4791096021661
05-06-2023,23.4667485586831
06-06-2023,23.1620558843388
07-06-2023,22.0184853646674
08-06-2023,21.8435192633917
09-06-2023,21.4353210473483
12-06-2023,20.7844747988113
13-06-2023,21.1361568442493
14-06-2023,20.6319283588521
15-06-2023,20.2217812375037
16-06-2023,19.8815982714349
20-06-2023,19.4982467277219
21-06-2023,19.5401497585519
22-06-2023,19.6483768298976
23-06-2023,20.0502022013658
26-06-2023,20.628283267292
27-06-2023,20.453065807859
28-06-2023,20.5054220253772
29-06-2023,19.7530922108013
30-06-2023,19.5106316641703
03-07-2023,19.5532979123874
05-07-2023,19.0646909506762
06-07-2023,19.178488386569
07-07-2023,20.4531385804788
10-07-2023,21.7501646921655
11-07-2023,21.7297020710323
12-07-2023,21.4437110074984
13-07-2023,22.0299688284106
14-07-2023,22.7163517473016
17-07-2023,23.0190244113114
18-07-2023,23.5487649661367
19-07-2023,23.4703617960091
20-07-2023,22.8514305540107
21-07-2023,23.1621310921827
24-07-2023,22.9894979687267
25-07-2023,23.1114090906827
26-07-2023,22.6785042601778
27-07-2023,22.2756082303018
28-07-2023,20.9017797764555
31-07-2023,20.6274562275926
01-08-2023,20.1405554482376
02-08-2023,20.3135523208987
03-08-2023,22.8602079609202
04-08-2023,22.0569869750107
07-08-2023,21.6602667842768
08-08-2023,20.7313039426259
09-08-2023,20.6376933329789
10-08-2023,20.6040024444897
11-08-2023,19.8448162830074
14-08-2023,19.8243726060946
15-08-2023,19.4681330424811
16-08-2023,20.7247995059384
17-08-2023,21.2582048006784
18-08-2023,21.1227551016685
21-08-2023,21.0101699766098
22-08-2023,20.776555438221
23-08-2023,20.5655950512294
24-08-2023,20.3969588962606
25-08-2023,20.7164568461087
28-08-2023,20.6392834105676
29-08-2023,20.7644106611479
30-08-2023,22.3881826469163
31-08-2023,21.8366349179477
01-09-2023,20.2312856566805
05-09-2023,20.3790451899427
06-09-2023,20.1794553069593
07-09-2023,20.451246440268
08-09-2023,20.0213525683917
11-09-2023,19.9209181468031
12-09-2023,19.6834447317001
13-09-2023,19.5956629466873
14-09-2023,19.5461210597061
15-09-2023,21.4230300810844
18-09-2023,21.6633641461497
19-09-2023,21.4971955401812
20-09-2023,21.2836722565067
21-09-2023,21.3057446646179
22-09-2023,22.4700679099889
25-09-2023,22.4703233611617
26-09-2023,22.4708721762592
27-09-2023,22.8386670907758
28-09-2023,21.9206882824301
29-09-2023,21.6880799212247
02-10-2023,21.5050808904033
03-10-2023,24.2708739480117
04-10-2023,25.3335337328808
05-10-2023,25.4506542106829
06-10-2023,25.70942665
09-10-2023,25.6637849567734
10-10-2023,25.1862614367938
11-10-2023,27.1939744352987
12-10-2023,27.1995705507344
13-10-2023,26.9781386938724
16-10-2023,27.4950720026767
17-10-2023,27.3102479981418
18-10-2023,27.2732348267607
19-10-2023,28.1549573496554
20-10-2023,28.1781094460049
23-10-2023,28.2419114368687
24-10-2023,27.5182922058529
25-10-2023,26.9377429630518
26-10-2023,27.1856284836227
27-10-2023,26.9325051398808
30-10-2023,27.5848320983763
31-10-2023,27.5069249929459
01-11-2023,27.4248810198478
02-11-2023,25.8049005379323
03-11-2023,27.3881523756812
06-11-2023,28.0262150787082
07-11-2023,27.9474958947618
08-11-2023,27.5086440143745
09-11-2023,27.131596090619
10-11-2023,26.7871774806398
13-11-2023,23.8925050226448
14-11-2023,23.3794890417021
15-11-2023,27.3744729886852
16-11-2023,27.3458557043434
17-11-2023,27.1649576908925
20-11-2023,26.8923893414974
21-11-2023,27.0600056373335
22-11-2023,27.3818070168226
24-11-2023,27.0980297741198
27-11-2023,26.9670682600182
28-11-2023,26.7096541513265
29-11-2023,26.4810332008019
30-11-2023,26.4827279347361
01-12-2023,26.1842051734124
04-12-2023,27.1195441503927
05-12-2023,26.595991586801
06-12-2023,27.1358817553983
07-12-2023,26.2634669962721
08-12-2023,25.8621947743193
11-12-2023,25.7045760630407
12-12-2023,24.3384061787442
13-12-2023,24.567941582055
14-12-2023,25.8594464292723
15-12-2023,29.3663793592798
18-12-2023,29.0259840681929
19-12-2023,28.9043637279356
20-12-2023,29.2819927892428
21-12-2023,28.8117632175724
22-12-2023,28.984211241972
26-12-2023,28.7991781446187
27-12-2023,29.1119452460938
28-12-2023,28.7434506826808
29-12-2023,28.6678400094691
02-01-2024,28.8210859676387
03-01-2024,28.5305311098783
04-01-2024,28.5827392147471
05-01-2024,28.4634497336957
08-01-2024,28.2610119583488
09-01-2024,27.8925025541909
10-01-2024,27.9233215691247
11-01-2024,27.9106641925477
12-01-2024,27.687286842305
16-01-2024,27.3209424049546
17-01-2024,28.7880704054584
18-01-2024,29.1622506278152
19-01-2024,28.9358735493299
22-01-2024,27.9260274467074
23-01-2024,27.5628732757795
24-01-2024,26.5404419247745
25-01-2024,26.1844917466486
26-01-2024,25.7013494891628
29-01-2024,25.2812218526706
30-01-2024,25.2533443512462
31-01-2024,25.4059683487228
01-02-2024,24.3984640410809
02-02-2024,24.7900594562441
05-02-2024,25.0459247202454
06-02-2024,25.0883502125852
07-02-2024,25.0778681862836
08-02-2024,24.582240952898
09-02-2024,23.7577735945876
12-02-2024,23.6155489847418
13-02-2024,24.0801259991738
14-02-2024,25.5651849803417
15-02-2024,25.5793747508273
16-02-2024,25.5410297644263
20-02-2024,24.7872399739355
21-02-2024,25.1852469265226
22-02-2024,24.7731234046001
23-02-2024,24.7374509574774
26-02-2024,25.146785915842
27-02-2024,24.9899289176302
28-02-2024,25.4166031365482
29-02-2024,25.581045716405
01-03-2024,25.0772085284258
04-03-2024,25.2100632410625
05-03-2024,25.2955289797862
06-03-2024,25.503945531053
07-03-2024,25.5849819011415
08-03-2024,25.3242225769295
11-03-2024,24.7833655131192
12-03-2024,24.9851100216705
13-03-2024,24.7591668347881
14-03-2024,24.0534926609091
15-03-2024,23.9538097097393
18-03-2024,23.7268579884303
19-03-2024,23.2325561131653
20-03-2024,22.9547483047634
21-03-2024,22.9401603102469
22-03-2024,23.0174282837609
25-03-2024,22.7325173883177
26-03-2024,22.4683653623145
27-03-2024,22.2186372089028
28-03-2024,23.0053814295094
01-04-2024,22.9296987213419
02-04-2024,22.0870435102803
03-04-2024,22.7661481927682
04-04-2024,22.9047025985261
05-04-2024,22.6210273299031
08-04-2024,22.4063692259624
09-04-2024,22.608654831774
10-04-2024,23.5834191859115
11-04-2024,24.9854120810891
12-04-2024,24.4767725983399
15-04-2024,25.2701359526096
16-04-2024,26.3896861178911
17-04-2024,26.3040704143462
18-04-2024,25.7180142783622
19-04-2024,25.1277055379692
22-04-2024,24.8102929179792
23-04-2024,24.2933381552602
24-04-2024,24.5865707227321
25-04-2024,24.3488241554649
26-04-2024,24.3761213339809
29-04-2024,24.6303084495356
30-04-2024,24.8418722777365
01-05-2024,24.9049958687186
02-05-2024,25.3330799739843
03-05-2024,25.2909797378052
06-05-2024,25.9440734802598
07-05-2024,25.3753460457298
08-05-2024,24.732292899287
09-05-2024,24.5204629716975
10-05-2024,24.1074712918907
13-05-2024,23.0166638837603
14-05-2024,22.5434992037262
15-05-2024,23.3560033436883
16-05-2024,23.1102345130288
17-05-2024,22.9423057545178
20-05-2024,22.6126181618989
21-05-2024,22.288935964596
22-05-2024,22.3152424237152
23-05-2024,22.7503355181563
24-05-2024,23.0079831860769
28-05-2024,23.0489495057551
29-05-2024,22.9594708632048
30-05-2024,23.646120652904
31-05-2024,23.8106787123333
03-06-2024,23.8380963959536
04-06-2024,23.7525073586638
05-06-2024,24.5674572368657
06-06-2024,23.9791071903189
07-06-2024,23.8578190195883
